<?xml version="1.0" encoding="UTF-8"?>
<definitions xmlns="http://www.omg.org/spec/BPMN/20100524/MODEL" xmlns:xsi="http://www.w3.org/2001/XMLSchema-instance" xmlns:xsd="http://www.w3.org/2001/XMLSchema" xmlns:activiti="http://activiti.org/bpmn" xmlns:bpmndi="http://www.omg.org/spec/BPMN/20100524/DI" xmlns:omgdc="http://www.omg.org/spec/DD/20100524/DC" xmlns:omgdi="http://www.omg.org/spec/DD/20100524/DI" typeLanguage="http://www.w3.org/2001/XMLSchema" expressionLanguage="http://www.w3.org/1999/XPath" targetNamespace="http://www.activiti.org/test">
  <process id="SecurityCheckProcess" name="SecurityCheckProcess" isExecutable="true">
    <extensionElements>
      <activiti:executionListener event="start" class="com.glaf.activiti.executionlistener.RoleUsersMultiInstanceListener">
        <activiti:field name="roleId">
          <activiti:string><![CDATA[R_ST]]></activiti:string>
        </activiti:field>
        <activiti:field name="outputVar">
          <activiti:string><![CDATA[assigneeList]]></activiti:string>
        </activiti:field>
        <activiti:field name="userIds">
          <activiti:string><![CDATA[leader01,leader02]]></activiti:string>
        </activiti:field>
      </activiti:executionListener>
      <activiti:executionListener event="start" class="com.glaf.activiti.executionlistener.RoleUsersMultiInstanceListener">
        <activiti:field name="roleId">
          <activiti:string><![CDATA[R_ST2]]></activiti:string>
        </activiti:field>
        <activiti:field name="outputVar">
          <activiti:string><![CDATA[assigneeList2]]></activiti:string>
        </activiti:field>
        <activiti:field name="userIds">
          <activiti:string><![CDATA[leader03,leader04]]></activiti:string>
        </activiti:field>
      </activiti:executionListener>
      <activiti:executionListener event="start" class="com.glaf.activiti.executionlistener.RoleUsersMultiInstanceListener">
        <activiti:field name="roleId">
          <activiti:string><![CDATA[R_ST3]]></activiti:string>
        </activiti:field>
        <activiti:field name="outputVar">
          <activiti:string><![CDATA[assigneeList3]]></activiti:string>
        </activiti:field>
        <activiti:field name="userIds">
          <activiti:string><![CDATA[leader09]]></activiti:string>
        </activiti:field>
      </activiti:executionListener>
	  <activiti:executionListener event="start" class="com.glaf.activiti.executionlistener.SqlUpdateListener">
        <activiti:field name="sql">
          <activiti:string><![CDATA[
		        UPDATE ${tableName} 
				SET PROCESSNAME_ = ${processName},
				PROCESSINSTANCEID_ = ${processInstanceId},
				STATUS_ = 10, 
				WFSTATUS_ = 1000  
				WHERE ID_ = ${businessKey}
				]]></activiti:string>
        </activiti:field>
      </activiti:executionListener>
      <activiti:executionListener event="end" class="com.glaf.activiti.executionlistener.SqlUpdateListener">
        <activiti:field name="sql">
          <activiti:string><![CDATA[
		        UPDATE ${tableName} 
				SET STATUS_ = 100, 
				WFSTATUS_ = 9999  
				WHERE ID_ = ${businessKey}
				]]></activiti:string>
        </activiti:field>
      </activiti:executionListener>
    </extensionElements>
    <startEvent id="startevent1" name="开始"></startEvent>
    <userTask id="usertask1" name="检验科初审" activiti:assignee="${assignee}">
	  <extensionElements>
        <activiti:taskListener event="complete" class="com.glaf.activiti.tasklistener.CancelTaskMultiInstanceListener">
          <activiti:field name="conditionExpression">
            <activiti:expression>${!approve}</activiti:expression>
          </activiti:field>
        </activiti:taskListener>
      </extensionElements>
      <multiInstanceLoopCharacteristics isSequential="false" activiti:collection="assigneeList" activiti:elementVariable="assignee"></multiInstanceLoopCharacteristics>
    </userTask>
    <exclusiveGateway id="exclusivegateway1" name="判断" default="flow46"></exclusiveGateway>
    <userTask id="usertask2" name="重新修改" activiti:assignee="joy">
      <extensionElements>
        <activiti:taskListener event="create" class="com.glaf.activiti.tasklistener.ProcessStarterListener"></activiti:taskListener>
      </extensionElements>
    </userTask>
    <userTask id="usertask3" name="质量科复审" activiti:assignee="${assignee2}">
      <extensionElements>
        <activiti:taskListener event="complete" class="com.glaf.activiti.tasklistener.CancelTaskMultiInstanceListener">
          <activiti:field name="conditionExpression">
            <activiti:expression>${!approve}</activiti:expression>
          </activiti:field>
        </activiti:taskListener>
      </extensionElements>
      <multiInstanceLoopCharacteristics isSequential="false" activiti:collection="assigneeList2" activiti:elementVariable="assignee2"></multiInstanceLoopCharacteristics>
    </userTask>
    <endEvent id="endevent1" name="结束"></endEvent>
    <exclusiveGateway id="exclusivegateway2" name="判断" default="flow48"></exclusiveGateway>
    <sequenceFlow id="flow3" name="不通过" sourceRef="exclusivegateway1" targetRef="usertask2">
      <conditionExpression xsi:type="tFormalExpression"><![CDATA[${!approve}]]></conditionExpression>
    </sequenceFlow>
    <sequenceFlow id="flow39" name="退回" sourceRef="exclusivegateway2" targetRef="usertask2">
      <conditionExpression xsi:type="tFormalExpression"><![CDATA[${!approve}]]></conditionExpression>
    </sequenceFlow>
    <sequenceFlow id="flow43" name="提交" sourceRef="startevent1" targetRef="usertask1"></sequenceFlow>
    <sequenceFlow id="flow44" name="判断" sourceRef="usertask1" targetRef="exclusivegateway1"></sequenceFlow>
    <sequenceFlow id="flow45" name="重新提交" sourceRef="usertask2" targetRef="usertask1"></sequenceFlow>
    <sequenceFlow id="flow46" name="通过" sourceRef="exclusivegateway1" targetRef="usertask3"></sequenceFlow>
    <sequenceFlow id="flow47" name="判断" sourceRef="usertask3" targetRef="exclusivegateway2"></sequenceFlow>
    <userTask id="usertask9" name="局领导审批" activiti:assignee="${assignee3}">
      <extensionElements>
        <activiti:taskListener event="complete" class="com.glaf.activiti.tasklistener.CancelTaskMultiInstanceListener">
          <activiti:field name="conditionExpression">
            <activiti:expression>${!approve}</activiti:expression>
          </activiti:field>
        </activiti:taskListener>
      </extensionElements>
      <multiInstanceLoopCharacteristics isSequential="false" activiti:collection="assigneeList3" activiti:elementVariable="assignee3"></multiInstanceLoopCharacteristics>
    </userTask>
    <sequenceFlow id="flow48" name="通过" sourceRef="exclusivegateway2" targetRef="usertask9"></sequenceFlow>
    <exclusiveGateway id="exclusivegateway3" name="Exclusive Gateway" default="flow51"></exclusiveGateway>
    <sequenceFlow id="flow49" name="判断" sourceRef="usertask9" targetRef="exclusivegateway3"></sequenceFlow>
    <sequenceFlow id="flow50" name="退回" sourceRef="exclusivegateway3" targetRef="usertask2">
      <conditionExpression xsi:type="tFormalExpression"><![CDATA[${!approve}]]></conditionExpression>
    </sequenceFlow>
    <sequenceFlow id="flow51" name="通过" sourceRef="exclusivegateway3" targetRef="endevent1"></sequenceFlow>
  </process>
  <bpmndi:BPMNDiagram id="BPMNDiagram_SecurityCheckProcess">
    <bpmndi:BPMNPlane bpmnElement="SecurityCheckProcess" id="BPMNPlane_SecurityCheckProcess">
      <bpmndi:BPMNShape bpmnElement="startevent1" id="BPMNShape_startevent1">
        <omgdc:Bounds height="35.0" width="35.0" x="3.0" y="210.0"></omgdc:Bounds>
      </bpmndi:BPMNShape>
      <bpmndi:BPMNShape bpmnElement="usertask1" id="BPMNShape_usertask1">
        <omgdc:Bounds height="55.0" width="105.0" x="113.0" y="200.0"></omgdc:Bounds>
      </bpmndi:BPMNShape>
      <bpmndi:BPMNShape bpmnElement="exclusivegateway1" id="BPMNShape_exclusivegateway1">
        <omgdc:Bounds height="42.0" width="42.0" x="263.0" y="207.0"></omgdc:Bounds>
      </bpmndi:BPMNShape>
      <bpmndi:BPMNShape bpmnElement="usertask2" id="BPMNShape_usertask2">
        <omgdc:Bounds height="55.0" width="105.0" x="231.0" y="53.0"></omgdc:Bounds>
      </bpmndi:BPMNShape>
      <bpmndi:BPMNShape bpmnElement="usertask3" id="BPMNShape_usertask3">
        <omgdc:Bounds height="55.0" width="105.0" x="481.0" y="280.0"></omgdc:Bounds>
      </bpmndi:BPMNShape>
      <bpmndi:BPMNShape bpmnElement="endevent1" id="BPMNShape_endevent1">
        <omgdc:Bounds height="35.0" width="35.0" x="795.0" y="63.0"></omgdc:Bounds>
      </bpmndi:BPMNShape>
      <bpmndi:BPMNShape bpmnElement="exclusivegateway2" id="BPMNShape_exclusivegateway2">
        <omgdc:Bounds height="42.0" width="42.0" x="513.0" y="160.0"></omgdc:Bounds>
      </bpmndi:BPMNShape>
      <bpmndi:BPMNShape bpmnElement="usertask9" id="BPMNShape_usertask9">
        <omgdc:Bounds height="55.0" width="105.0" x="649.0" y="153.0"></omgdc:Bounds>
      </bpmndi:BPMNShape>
      <bpmndi:BPMNShape bpmnElement="exclusivegateway3" id="BPMNShape_exclusivegateway3">
        <omgdc:Bounds height="40.0" width="40.0" x="681.0" y="60.0"></omgdc:Bounds>
      </bpmndi:BPMNShape>
      <bpmndi:BPMNEdge bpmnElement="flow3" id="BPMNEdge_flow3">
        <omgdi:waypoint x="284.0" y="207.0"></omgdi:waypoint>
        <omgdi:waypoint x="283.0" y="108.0"></omgdi:waypoint>
        <bpmndi:BPMNLabel>
          <omgdc:Bounds height="15.0" width="100.0" x="294.0" y="150.0"></omgdc:Bounds>
        </bpmndi:BPMNLabel>
      </bpmndi:BPMNEdge>
      <bpmndi:BPMNEdge bpmnElement="flow39" id="BPMNEdge_flow39">
        <omgdi:waypoint x="534.0" y="160.0"></omgdi:waypoint>
        <omgdi:waypoint x="533.0" y="80.0"></omgdi:waypoint>
        <omgdi:waypoint x="336.0" y="80.0"></omgdi:waypoint>
        <bpmndi:BPMNLabel>
          <omgdc:Bounds height="15.0" width="100.0" x="432.0" y="64.0"></omgdc:Bounds>
        </bpmndi:BPMNLabel>
      </bpmndi:BPMNEdge>
      <bpmndi:BPMNEdge bpmnElement="flow43" id="BPMNEdge_flow43">
        <omgdi:waypoint x="38.0" y="227.0"></omgdi:waypoint>
        <omgdi:waypoint x="113.0" y="227.0"></omgdi:waypoint>
        <bpmndi:BPMNLabel>
          <omgdc:Bounds height="15.0" width="24.0" x="60.0" y="207.0"></omgdc:Bounds>
        </bpmndi:BPMNLabel>
      </bpmndi:BPMNEdge>
      <bpmndi:BPMNEdge bpmnElement="flow44" id="BPMNEdge_flow44">
        <omgdi:waypoint x="218.0" y="227.0"></omgdi:waypoint>
        <omgdi:waypoint x="263.0" y="228.0"></omgdi:waypoint>
        <bpmndi:BPMNLabel>
          <omgdc:Bounds height="15.0" width="100.0" x="230.0" y="207.0"></omgdc:Bounds>
        </bpmndi:BPMNLabel>
      </bpmndi:BPMNEdge>
      <bpmndi:BPMNEdge bpmnElement="flow45" id="BPMNEdge_flow45">
        <omgdi:waypoint x="231.0" y="80.0"></omgdi:waypoint>
        <omgdi:waypoint x="165.0" y="80.0"></omgdi:waypoint>
        <omgdi:waypoint x="165.0" y="200.0"></omgdi:waypoint>
        <bpmndi:BPMNLabel>
          <omgdc:Bounds height="15.0" width="48.0" x="171.0" y="53.0"></omgdc:Bounds>
        </bpmndi:BPMNLabel>
      </bpmndi:BPMNEdge>
      <bpmndi:BPMNEdge bpmnElement="flow46" id="BPMNEdge_flow46">
        <omgdi:waypoint x="284.0" y="249.0"></omgdi:waypoint>
        <omgdi:waypoint x="283.0" y="307.0"></omgdi:waypoint>
        <omgdi:waypoint x="481.0" y="307.0"></omgdi:waypoint>
        <bpmndi:BPMNLabel>
          <omgdc:Bounds height="15.0" width="100.0" x="372.0" y="279.0"></omgdc:Bounds>
        </bpmndi:BPMNLabel>
      </bpmndi:BPMNEdge>
      <bpmndi:BPMNEdge bpmnElement="flow47" id="BPMNEdge_flow47">
        <omgdi:waypoint x="533.0" y="280.0"></omgdi:waypoint>
        <omgdi:waypoint x="534.0" y="202.0"></omgdi:waypoint>
        <bpmndi:BPMNLabel>
          <omgdc:Bounds height="15.0" width="24.0" x="545.0" y="231.0"></omgdc:Bounds>
        </bpmndi:BPMNLabel>
      </bpmndi:BPMNEdge>
      <bpmndi:BPMNEdge bpmnElement="flow48" id="BPMNEdge_flow48">
        <omgdi:waypoint x="555.0" y="181.0"></omgdi:waypoint>
        <omgdi:waypoint x="649.0" y="180.0"></omgdi:waypoint>
        <bpmndi:BPMNLabel>
          <omgdc:Bounds height="15.0" width="100.0" x="552.0" y="154.0"></omgdc:Bounds>
        </bpmndi:BPMNLabel>
      </bpmndi:BPMNEdge>
      <bpmndi:BPMNEdge bpmnElement="flow49" id="BPMNEdge_flow49">
        <omgdi:waypoint x="701.0" y="153.0"></omgdi:waypoint>
        <omgdi:waypoint x="701.0" y="100.0"></omgdi:waypoint>
        <bpmndi:BPMNLabel>
          <omgdc:Bounds height="15.0" width="24.0" x="710.0" y="121.0"></omgdc:Bounds>
        </bpmndi:BPMNLabel>
      </bpmndi:BPMNEdge>
      <bpmndi:BPMNEdge bpmnElement="flow50" id="BPMNEdge_flow50">
        <omgdi:waypoint x="681.0" y="80.0"></omgdi:waypoint>
        <omgdi:waypoint x="336.0" y="80.0"></omgdi:waypoint>
        <bpmndi:BPMNLabel>
          <omgdc:Bounds height="15.0" width="100.0" x="569.0" y="63.0"></omgdc:Bounds>
        </bpmndi:BPMNLabel>
      </bpmndi:BPMNEdge>
      <bpmndi:BPMNEdge bpmnElement="flow51" id="BPMNEdge_flow51">
        <omgdi:waypoint x="721.0" y="80.0"></omgdi:waypoint>
        <omgdi:waypoint x="795.0" y="80.0"></omgdi:waypoint>
        <bpmndi:BPMNLabel>
          <omgdc:Bounds height="15.0" width="100.0" x="739.0" y="63.0"></omgdc:Bounds>
        </bpmndi:BPMNLabel>
      </bpmndi:BPMNEdge>
    </bpmndi:BPMNPlane>
  </bpmndi:BPMNDiagram>
</definitions>