 insert into DEP_BASE_CATEGORY (id_, code_, createdatetime_, creator_, delflag_, expandflag_, modifier_, modifydatetime_, name_, orderno_, pid_, treeid_, toolbar_template_ ) values (301, 'A000',  to_date('2016-03-23 17:46:29', 'yyyy-mm-dd hh24:mi:ss'), 'admin', '0', '1', 'admin',  to_date('2016-03-24 09:50:08', 'yyyy-mm-dd hh24:mi:ss'), '工程项目', 0, -1, '301|', null);
 insert into DEP_BASE_CATEGORY (id_, code_, createdatetime_, creator_, delflag_, expandflag_, modifier_, modifydatetime_, name_, orderno_, pid_, treeid_, toolbar_template_ ) values (302, 'A001',  to_date('2016-03-23 17:46:29', 'yyyy-mm-dd hh24:mi:ss'), 'admin', '0', '1', 'admin',  to_date('2016-03-24 09:50:08', 'yyyy-mm-dd hh24:mi:ss'), '表元属性', 1, 301, '301|302|', null);
 insert into DEP_BASE_CATEGORY (id_, code_, createdatetime_, creator_, delflag_, expandflag_, modifier_, modifydatetime_, name_, orderno_, pid_, treeid_, toolbar_template_ ) values (401, 'A002',  to_date('2016-03-26 09:50:20', 'yyyy-mm-dd hh24:mi:ss'), 'admin', '0', '1', 'admin',  to_date('2016-04-13 15:09:08', 'yyyy-mm-dd hh24:mi:ss'), '变长分区', 5, 301, '301|', null);
 insert into DEP_BASE_CATEGORY (id_, code_, createdatetime_, creator_, delflag_, expandflag_, modifier_, modifydatetime_, name_, orderno_, pid_, treeid_, toolbar_template_ ) values (402, 'A003',  to_date('2016-03-26 09:50:39', 'yyyy-mm-dd hh24:mi:ss'), 'admin', '0', '1', 'admin',  to_date('2016-04-13 15:09:14', 'yyyy-mm-dd hh24:mi:ss'), '表格栏数', 10, 301, '301|', null);
 insert into DEP_BASE_CATEGORY (id_, code_, createdatetime_, creator_, delflag_, expandflag_, modifier_, modifydatetime_, name_, orderno_, pid_, treeid_, toolbar_template_ ) values (403, 'A004',  to_date('2016-03-26 09:50:59', 'yyyy-mm-dd hh24:mi:ss'), 'admin', '0', '1', 'admin',  to_date('2016-04-13 15:09:21', 'yyyy-mm-dd hh24:mi:ss'), '引用数据', 15, 301, '301|', null);
 insert into DEP_BASE_CATEGORY (id_, code_, createdatetime_, creator_, delflag_, expandflag_, modifier_, modifydatetime_, name_, orderno_, pid_, treeid_, toolbar_template_ ) values (404, 'A005',  to_date('2016-03-26 09:51:25', 'yyyy-mm-dd hh24:mi:ss'), 'admin', '0', '1', 'admin',  to_date('2016-04-13 15:09:27', 'yyyy-mm-dd hh24:mi:ss'), '签名盖章', 20, 301, '301|', null);
 insert into DEP_BASE_CATEGORY (id_, code_, createdatetime_, creator_, delflag_, expandflag_, modifier_, modifydatetime_, name_, orderno_, pid_, treeid_, toolbar_template_ ) values (405, 'A006',  to_date('2016-03-26 09:51:42', 'yyyy-mm-dd hh24:mi:ss'), 'admin', '0', '1', 'admin',  to_date('2016-04-13 15:09:33', 'yyyy-mm-dd hh24:mi:ss'), '工程图表', 25, 301, '301|', null);
 insert into DEP_BASE_CATEGORY (id_, code_, createdatetime_, creator_, delflag_, expandflag_, modifier_, modifydatetime_, name_, orderno_, pid_, treeid_, toolbar_template_ ) values (406, 'A007',  to_date('2016-03-26 09:51:59', 'yyyy-mm-dd hh24:mi:ss'), 'admin', '0', '1', 'admin',  to_date('2016-04-13 15:09:42', 'yyyy-mm-dd hh24:mi:ss'), '数据判断', 30, 301, '301|', null);
 insert into DEP_BASE_CATEGORY (id_, code_, createdatetime_, creator_, delflag_, expandflag_, modifier_, modifydatetime_, name_, orderno_, pid_, treeid_, toolbar_template_ ) values (407, 'A008',  to_date('2016-03-26 09:52:18', 'yyyy-mm-dd hh24:mi:ss'), 'admin', '0', '1', 'admin',  to_date('2016-04-13 15:09:47', 'yyyy-mm-dd hh24:mi:ss'), '附表字段', 35, 301, '301|', null);
 insert into DEP_BASE_CATEGORY (id_, code_, createdatetime_, creator_, delflag_, expandflag_, modifier_, modifydatetime_, name_, orderno_, pid_, treeid_, toolbar_template_ ) values (408, 'A001-1',  to_date('2016-03-26 14:44:34', 'yyyy-mm-dd hh24:mi:ss'), 'admin', '0', '1', 'admin',  to_date('2016-03-26 14:49:58', 'yyyy-mm-dd hh24:mi:ss'), '常规属性', 1, 302, '301|302|408|', null);
 insert into DEP_BASE_CATEGORY (id_, code_, createdatetime_, creator_, delflag_, expandflag_, modifier_, modifydatetime_, name_, orderno_, pid_, treeid_, toolbar_template_ ) values (409, 'A001-2',  to_date('2016-03-26 14:50:17', 'yyyy-mm-dd hh24:mi:ss'), 'admin', '0', '1', 'admin',  to_date('2016-03-26 14:50:17', 'yyyy-mm-dd hh24:mi:ss'), '引用属性', 2, 302, '301|302|409|', null);
 insert into DEP_BASE_CATEGORY (id_, code_, createdatetime_, creator_, delflag_, expandflag_, modifier_, modifydatetime_, name_, orderno_, pid_, treeid_, toolbar_template_ ) values (410, 'A001-3',  to_date('2016-03-26 14:54:03', 'yyyy-mm-dd hh24:mi:ss'), 'admin', '0', '0', 'admin',  to_date('2016-07-11 13:37:10', 'yyyy-mm-dd hh24:mi:ss'), '数据属性', 3, 302, '301|302|', '');
 insert into DEP_BASE_CATEGORY (id_, code_, createdatetime_, creator_, delflag_, expandflag_, modifier_, modifydatetime_, name_, orderno_, pid_, treeid_, toolbar_template_ ) values (411, 'A001-4',  to_date('2016-03-26 14:54:25', 'yyyy-mm-dd hh24:mi:ss'), 'admin', '0', '0', 'admin',  to_date('2016-07-11 13:57:57', 'yyyy-mm-dd hh24:mi:ss'), '字体属性', 4, 302, '301|302|', '');
 insert into DEP_BASE_CATEGORY (id_, code_, createdatetime_, creator_, delflag_, expandflag_, modifier_, modifydatetime_, name_, orderno_, pid_, treeid_, toolbar_template_ ) values (412, 'A001-5',  to_date('2016-03-26 14:59:26', 'yyyy-mm-dd hh24:mi:ss'), 'admin', '0', '0', 'admin',  to_date('2016-07-11 13:58:09', 'yyyy-mm-dd hh24:mi:ss'), '其他属性', 5, 302, '301|302|', '');
 insert into DEP_BASE_CATEGORY (id_, code_, createdatetime_, creator_, delflag_, expandflag_, modifier_, modifydatetime_, name_, orderno_, pid_, treeid_, toolbar_template_ ) values (501, 'A004-1',  to_date('2016-04-01 15:18:55', 'yyyy-mm-dd hh24:mi:ss'), 'admin', '0', '1', 'admin',  to_date('2016-04-01 15:18:55', 'yyyy-mm-dd hh24:mi:ss'), '引用数据表', 1, 403, '301|403|501|', null);
 insert into DEP_BASE_CATEGORY (id_, code_, createdatetime_, creator_, delflag_, expandflag_, modifier_, modifydatetime_, name_, orderno_, pid_, treeid_, toolbar_template_ ) values (502, 'args_data',  to_date('2016-04-01 15:19:21', 'yyyy-mm-dd hh24:mi:ss'), 'admin', '0', '1', 'admin',  to_date('2016-04-14 18:27:51', 'yyyy-mm-dd hh24:mi:ss'), '填充数据', 2, 403, '301|', '<button type="button" class="btn blue btn-sm" title="引入引用表数据" onclick="addImportDataFormRows(this,''args_data'')">引入表数据</button>&nbsp;<button type="button" class="btn blue btn-sm" title="定义公式" onclick="definedFormula(this,''args_data'')">定义公式</button>');
 insert into DEP_BASE_CATEGORY (id_, code_, createdatetime_, creator_, delflag_, expandflag_, modifier_, modifydatetime_, name_, orderno_, pid_, treeid_, toolbar_template_ ) values (503, 'dynamic_area',  to_date('2016-04-01 15:30:45', 'yyyy-mm-dd hh24:mi:ss'), 'admin', '0', '1', 'admin',  to_date('2016-04-14 18:24:22', 'yyyy-mm-dd hh24:mi:ss'), '变长区', 1, 401, '301|', '<button type="button" class="btn blue btn-sm" onclick="addDynamicArea(this,''dynamic_area'')">添加</button>');
 insert into DEP_BASE_CATEGORY (id_, code_, createdatetime_, creator_, delflag_, expandflag_, modifier_, modifydatetime_, name_, orderno_, pid_, treeid_, toolbar_template_ ) values (504, 'dynamic_data',  to_date('2016-04-01 15:31:05', 'yyyy-mm-dd hh24:mi:ss'), 'admin', '0', '1', 'admin',  to_date('2016-04-14 18:25:39', 'yyyy-mm-dd hh24:mi:ss'), '多栏数据', 2, 401, '301|', '<button type="button" class="btn blue btn-sm" onclick="addDynamicAreaData(this,''dynamic_data'')">添加</button>');
 insert into DEP_BASE_CATEGORY (id_, code_, createdatetime_, creator_, delflag_, expandflag_, modifier_, modifydatetime_, name_, orderno_, pid_, treeid_, toolbar_template_ ) values (505, 'A003-1',  to_date('2016-04-01 15:31:27', 'yyyy-mm-dd hh24:mi:ss'), 'admin', '0', '1', 'admin',  to_date('2016-04-01 15:31:27', 'yyyy-mm-dd hh24:mi:ss'), '可检测点', 1, 402, '301|402|505|', null);
 insert into DEP_BASE_CATEGORY (id_, code_, createdatetime_, creator_, delflag_, expandflag_, modifier_, modifydatetime_, name_, orderno_, pid_, treeid_, toolbar_template_ ) values (506, 'tb_lineNum',  to_date('2016-04-01 15:31:41', 'yyyy-mm-dd hh24:mi:ss'), 'admin', '0', '1', 'admin',  to_date('2016-04-11 17:01:42', 'yyyy-mm-dd hh24:mi:ss'), '规范值统计', 2, 402, '301|402|', '<button type="button" class="btn blue btn-sm" onclick="addNormalValue(this,''tb_lineNum'')">添加</button>');
 insert into DEP_BASE_CATEGORY (id_, code_, createdatetime_, creator_, delflag_, expandflag_, modifier_, modifydatetime_, name_, orderno_, pid_, treeid_, toolbar_template_ ) values (507, 'sign',  to_date('2016-04-01 15:32:42', 'yyyy-mm-dd hh24:mi:ss'), 'admin', '0', '1', 'admin',  to_date('2016-04-15 14:11:59', 'yyyy-mm-dd hh24:mi:ss'), '签名/盖章', 1, 404, '301|', '<button type="button" class="btn blue btn-sm"  onclick="addSinger(this,''sign'')">添加</button>');
 insert into DEP_BASE_CATEGORY (id_, code_, createdatetime_, creator_, delflag_, expandflag_, modifier_, modifydatetime_, name_, orderno_, pid_, treeid_, toolbar_template_ ) values (508, 'chart',  to_date('2016-04-01 15:33:29', 'yyyy-mm-dd hh24:mi:ss'), 'admin', '0', '1', 'admin',  to_date('2016-04-14 18:33:26', 'yyyy-mm-dd hh24:mi:ss'), '工程图表', 1, 405, '301|', '<button type="button" class="btn blue btn-sm" onclick="addProjectChart(this,''chart'')">添加</button>');
 insert into DEP_BASE_CATEGORY (id_, code_, createdatetime_, creator_, delflag_, expandflag_, modifier_, modifydatetime_, name_, orderno_, pid_, treeid_, toolbar_template_ ) values (509, 'data_valid',  to_date('2016-04-01 15:33:54', 'yyyy-mm-dd hh24:mi:ss'), 'admin', '0', '1', 'admin',  to_date('2016-04-14 18:33:12', 'yyyy-mm-dd hh24:mi:ss'), '数据判断', 1, 406, '301|', '<button type="button" class="btn blue btn-sm" onclick="addDataValidate(this,''data_valid'')">添加</button>');
 insert into DEP_BASE_CATEGORY (id_, code_, createdatetime_, creator_, delflag_, expandflag_, modifier_, modifydatetime_, name_, orderno_, pid_, treeid_, toolbar_template_ ) values (510, 'atta_field',  to_date('2016-04-01 15:34:06', 'yyyy-mm-dd hh24:mi:ss'), 'admin', '0', '1', 'admin',  to_date('2016-04-14 18:33:19', 'yyyy-mm-dd hh24:mi:ss'), '套用字段', 1, 407, '301|', '<button type="button" class="btn blue btn-sm" onclick="addAttaField(this,''atta_field'')">添加</button>');
 insert into DEP_BASE_CATEGORY (id_, code_, createdatetime_, creator_, delflag_, expandflag_, modifier_, modifydatetime_, name_, orderno_, pid_, treeid_, toolbar_template_ ) values (601, 'data_update_group',  to_date('2016-04-13 15:08:54', 'yyyy-mm-dd hh24:mi:ss'), 'admin', '0', '1', 'admin',  to_date('2016-04-13 15:10:12', 'yyyy-mm-dd hh24:mi:ss'), '数据更新集', 7, 301, '301|', null);
 insert into DEP_BASE_CATEGORY (id_, code_, createdatetime_, creator_, delflag_, expandflag_, modifier_, modifydatetime_, name_, orderno_, pid_, treeid_, toolbar_template_ ) values (602, 'data_save_area',  to_date('2016-04-13 15:10:47', 'yyyy-mm-dd hh24:mi:ss'), 'admin', '0', '1', 'admin',  to_date('2016-04-14 18:13:02', 'yyyy-mm-dd hh24:mi:ss'), '保存区域', 1, 601, '301|', '<button type="button" class="btn blue btn-sm" onclick="addDataSaveArea(this,''data_save_area'')">添加</button>&nbsp;<button type="button" class="btn blue btn-sm" onclick="openSaveAreaDialog(this,''data_save_area'')">配置</button>');
 insert into DEP_BASE_CATEGORY (id_, code_, createdatetime_, creator_, delflag_, expandflag_, modifier_, modifydatetime_, name_, orderno_, pid_, treeid_, toolbar_template_ ) values (907, 'B000',  to_date('2016-05-05 14:50:25', 'yyyy-mm-dd hh24:mi:ss'), 'admin', '0', '1', 'admin',  to_date('2016-05-05 14:50:25', 'yyyy-mm-dd hh24:mi:ss'), 'OA', 2, -1, '907|', null);
 insert into DEP_BASE_CATEGORY (id_, code_, createdatetime_, creator_, delflag_, expandflag_, modifier_, modifydatetime_, name_, orderno_, pid_, treeid_, toolbar_template_ ) values (1401, 'A000-1',  to_date('2016-05-13 16:01:07', 'yyyy-mm-dd hh24:mi:ss'), 'admin', '0', '1', 'admin',  to_date('2016-05-13 16:08:26', 'yyyy-mm-dd hh24:mi:ss'), '输入输出定义', 3, 301, '301|', null);
 insert into DEP_BASE_CATEGORY (id_, code_, createdatetime_, creator_, delflag_, expandflag_, modifier_, modifydatetime_, name_, orderno_, pid_, treeid_, toolbar_template_ ) values (1402, 'A000-1-1',  to_date('2016-05-13 16:17:16', 'yyyy-mm-dd hh24:mi:ss'), 'admin', '0', '1', 'admin',  to_date('2016-05-13 16:17:16', 'yyyy-mm-dd hh24:mi:ss'), '输入输出定义', 1, 1401, '301|1402|', null);
 insert into DEP_BASE_CATEGORY (id_, code_, createdatetime_, creator_, delflag_, expandflag_, modifier_, modifydatetime_, name_, orderno_, pid_, treeid_, toolbar_template_ ) values (1501, 'A001',  to_date('2016-05-20 12:01:53', 'yyyy-mm-dd hh24:mi:ss'), 'admin', '0', '1', 'admin',  to_date('2016-03-24 09:50:08', 'yyyy-mm-dd hh24:mi:ss'), '表元属性', 1, 907, '907|1501|', null);
 insert into DEP_BASE_CATEGORY (id_, code_, createdatetime_, creator_, delflag_, expandflag_, modifier_, modifydatetime_, name_, orderno_, pid_, treeid_, toolbar_template_ ) values (1502, 'A001-1',  to_date('2016-05-20 12:01:53', 'yyyy-mm-dd hh24:mi:ss'), 'admin', '0', '1', 'admin',  to_date('2016-03-26 14:49:58', 'yyyy-mm-dd hh24:mi:ss'), '常规属性', 1, 1501, '907|1501|1502|', null);
 insert into DEP_BASE_CATEGORY (id_, code_, createdatetime_, creator_, delflag_, expandflag_, modifier_, modifydatetime_, name_, orderno_, pid_, treeid_, toolbar_template_ ) values (1503, 'A001-2',  to_date('2016-05-20 12:01:53', 'yyyy-mm-dd hh24:mi:ss'), 'admin', '0', '1', 'admin',  to_date('2016-03-26 14:50:17', 'yyyy-mm-dd hh24:mi:ss'), '引用属性', 2, 1501, '907|1501|1503|', null);
 insert into DEP_BASE_CATEGORY (id_, code_, createdatetime_, creator_, delflag_, expandflag_, modifier_, modifydatetime_, name_, orderno_, pid_, treeid_, toolbar_template_ ) values (1504, 'A001-3',  to_date('2016-05-20 12:01:53', 'yyyy-mm-dd hh24:mi:ss'), 'admin', '0', '1', 'admin',  to_date('2016-03-26 14:54:03', 'yyyy-mm-dd hh24:mi:ss'), '数据属性', 3, 1501, '907|1501|1504|', null);
 insert into DEP_BASE_CATEGORY (id_, code_, createdatetime_, creator_, delflag_, expandflag_, modifier_, modifydatetime_, name_, orderno_, pid_, treeid_, toolbar_template_ ) values (1505, 'A001-4',  to_date('2016-05-20 12:01:53', 'yyyy-mm-dd hh24:mi:ss'), 'admin', '0', '1', 'admin',  to_date('2016-03-26 14:54:25', 'yyyy-mm-dd hh24:mi:ss'), '字体属性', 4, 1501, '907|1501|1505|', null);
 insert into DEP_BASE_CATEGORY (id_, code_, createdatetime_, creator_, delflag_, expandflag_, modifier_, modifydatetime_, name_, orderno_, pid_, treeid_, toolbar_template_ ) values (1506, 'A001-5',  to_date('2016-05-20 12:01:53', 'yyyy-mm-dd hh24:mi:ss'), 'admin', '0', '1', 'admin',  to_date('2016-03-26 14:59:26', 'yyyy-mm-dd hh24:mi:ss'), '其他属性', 5, 1501, '907|1501|1506|', null);
 insert into DEP_BASE_CATEGORY (id_, code_, createdatetime_, creator_, delflag_, expandflag_, modifier_, modifydatetime_, name_, orderno_, pid_, treeid_, toolbar_template_ ) values (1601, 'A001-6',  to_date('2016-05-24 12:08:01', 'yyyy-mm-dd hh24:mi:ss'), 'admin', '0', '1', 'admin',  to_date('2016-05-24 12:08:32', 'yyyy-mm-dd hh24:mi:ss'), '参数定义', 6, 302, '301|302|', null);
 insert into DEP_BASE_CATEGORY (id_, code_, createdatetime_, creator_, delflag_, expandflag_, modifier_, modifydatetime_, name_, orderno_, pid_, treeid_, toolbar_template_ ) values (1701, 'A001-7',  to_date('2016-07-08 14:37:37', 'yyyy-mm-dd hh24:mi:ss'), 'admin', '0', '1', 'admin',  to_date('2016-07-08 14:38:45', 'yyyy-mm-dd hh24:mi:ss'), '数据源设置', 6, 302, '301|302|', '');
 insert into DEP_BASE_CATEGORY (id_, code_, createdatetime_, creator_, delflag_, expandflag_, modifier_, modifydatetime_, name_, orderno_, pid_, treeid_, toolbar_template_ ) values (1801, 'C000',  to_date('2016-09-01 16:36:19', 'yyyy-mm-dd hh24:mi:ss'), 'admin', '0', '1', 'admin',  to_date('2016-09-01 16:36:19', 'yyyy-mm-dd hh24:mi:ss'), '计算表达式', 3, -1, '1801|', '');
 insert into DEP_BASE_CATEGORY (id_, code_, createdatetime_, creator_, delflag_, expandflag_, modifier_, modifydatetime_, name_, orderno_, pid_, treeid_, toolbar_template_ ) values (1901, 'A001',  to_date('2016-09-02 10:56:28', 'yyyy-mm-dd hh24:mi:ss'), 'admin', '0', '1', 'admin',  to_date('2016-09-02 10:56:28', 'yyyy-mm-dd hh24:mi:ss'), '表元属性', 0, 1801, '1801|1901|', '');
 insert into DEP_BASE_CATEGORY (id_, code_, createdatetime_, creator_, delflag_, expandflag_, modifier_, modifydatetime_, name_, orderno_, pid_, treeid_, toolbar_template_ ) values (2001, 'A001-1',  to_date('2016-09-05 16:11:29', 'yyyy-mm-dd hh24:mi:ss'), 'admin', '0', '1', 'admin',  to_date('2016-03-26 14:49:58', 'yyyy-mm-dd hh24:mi:ss'), '常规属性', 1, 1901, '1801|1901|2001|', null);
 insert into DEP_BASE_CATEGORY (id_, code_, createdatetime_, creator_, delflag_, expandflag_, modifier_, modifydatetime_, name_, orderno_, pid_, treeid_, toolbar_template_ ) values (2101, 'A000-1',  to_date('2016-09-06 14:55:32', 'yyyy-mm-dd hh24:mi:ss'), 'admin', '0', '1', 'admin',  to_date('2016-05-13 16:08:26', 'yyyy-mm-dd hh24:mi:ss'), '输入输出定义', 3, 1801, '1801|2101|', null);
 insert into DEP_BASE_CATEGORY (id_, code_, createdatetime_, creator_, delflag_, expandflag_, modifier_, modifydatetime_, name_, orderno_, pid_, treeid_, toolbar_template_ ) values (2102, 'A002',  to_date('2016-09-06 14:55:32', 'yyyy-mm-dd hh24:mi:ss'), 'admin', '1', '1', 'admin',  to_date('2016-04-13 15:09:08', 'yyyy-mm-dd hh24:mi:ss'), '变长分区', 5, 1801, '1801|2102|', null);
 insert into DEP_BASE_CATEGORY (id_, code_, createdatetime_, creator_, delflag_, expandflag_, modifier_, modifydatetime_, name_, orderno_, pid_, treeid_, toolbar_template_ ) values (2103, 'params-defined',  to_date('2016-09-06 15:00:32', 'yyyy-mm-dd hh24:mi:ss'), 'admin', '0', '1', 'admin',  to_date('2016-09-06 15:10:54', 'yyyy-mm-dd hh24:mi:ss'), '参数定义', 0, 2101, '1801|2101|', '<button type="button" class="btn blue btn-sm" onclick="definedParams(this,''params-defined'')">添加</button>');
 insert into DEP_BASE_CATEGORY (id_, code_, createdatetime_, creator_, delflag_, expandflag_, modifier_, modifydatetime_, name_, orderno_, pid_, treeid_, toolbar_template_ ) values (2201, 'A001-2',  to_date('2016-09-28 11:00:16', 'yyyy-mm-dd hh24:mi:ss'), 'admin', '1', '1', 'admin',  to_date('2016-03-26 14:50:17', 'yyyy-mm-dd hh24:mi:ss'), '引用属性', 2, 1801, '1801|2201|', null);
 insert into DEP_BASE_CATEGORY (id_, code_, createdatetime_, creator_, delflag_, expandflag_, modifier_, modifydatetime_, name_, orderno_, pid_, treeid_, toolbar_template_ ) values (2202, 'data_update_group',  to_date('2016-09-28 11:07:54', 'yyyy-mm-dd hh24:mi:ss'), 'admin', '1', '1', 'admin',  to_date('2016-04-13 15:10:12', 'yyyy-mm-dd hh24:mi:ss'), '数据更新集', 7, 2201, '1801|2201|2202|', null);
 insert into DEP_BASE_CATEGORY (id_, code_, createdatetime_, creator_, delflag_, expandflag_, modifier_, modifydatetime_, name_, orderno_, pid_, treeid_, toolbar_template_ ) values (2203, 'data_save_area',  to_date('2016-09-28 11:07:54', 'yyyy-mm-dd hh24:mi:ss'), 'admin', '1', '1', 'admin',  to_date('2016-04-14 18:13:02', 'yyyy-mm-dd hh24:mi:ss'), '保存区域', 1, 2202, '1801|2201|2202|2203|', '<button type="button" class="btn blue btn-sm" onclick="addDataSaveArea(this,''data_save_area'')">添加</button>&nbsp;<button type="button" class="btn blue btn-sm" onclick="openSaveAreaDialog(this,''data_save_area'')">配置</button>');
 insert into DEP_BASE_CATEGORY (id_, code_, createdatetime_, creator_, delflag_, expandflag_, modifier_, modifydatetime_, name_, orderno_, pid_, treeid_, toolbar_template_ ) values (2204, 'data_update_group',  to_date('2016-09-28 11:09:03', 'yyyy-mm-dd hh24:mi:ss'), 'admin', '0', '1', 'admin',  to_date('2016-04-13 15:10:12', 'yyyy-mm-dd hh24:mi:ss'), '数据更新集', 7, 1801, '1801|2204|', null);
 insert into DEP_BASE_CATEGORY (id_, code_, createdatetime_, creator_, delflag_, expandflag_, modifier_, modifydatetime_, name_, orderno_, pid_, treeid_, toolbar_template_ ) values (2205, 'data_save_area',  to_date('2016-09-28 11:09:03', 'yyyy-mm-dd hh24:mi:ss'), 'admin', '0', '1', 'admin',  to_date('2016-04-14 18:13:02', 'yyyy-mm-dd hh24:mi:ss'), '保存区域', 1, 2204, '1801|2204|2205|', '<button type="button" class="btn blue btn-sm" onclick="addDataSaveArea(this,''data_save_area'')">添加</button>&nbsp;<button type="button" class="btn blue btn-sm" onclick="openSaveAreaDialog(this,''data_save_area'')">配置</button>');
 insert into DEP_BASE_CATEGORY (id_, code_, createdatetime_, creator_, delflag_, expandflag_, modifier_, modifydatetime_, name_, orderno_, pid_, treeid_, toolbar_template_ ) values (2206, 'A000-1-1',  to_date('2016-09-28 11:30:38', 'yyyy-mm-dd hh24:mi:ss'), 'admin', '0', '1', 'admin',  to_date('2016-05-13 16:17:16', 'yyyy-mm-dd hh24:mi:ss'), '输入输出定义', 1, 2101, '1801|2101|2206|', null);
 insert into DEP_BASE_CATEGORY (id_, code_, createdatetime_, creator_, delflag_, expandflag_, modifier_, modifydatetime_, name_, orderno_, pid_, treeid_, toolbar_template_ ) values (2207, 'dynamic_area',  to_date('2016-09-28 14:11:45', 'yyyy-mm-dd hh24:mi:ss'), 'admin', '1', '1', 'admin',  to_date('2016-04-14 18:24:22', 'yyyy-mm-dd hh24:mi:ss'), '变长区', 1, 2102, '1801|2102|2207|', '<button type="button" class="btn blue btn-sm" onclick="addDynamicArea(this,''dynamic_area'')">添加</button>');
 insert into DEP_BASE_CATEGORY (id_, code_, createdatetime_, creator_, delflag_, expandflag_, modifier_, modifydatetime_, name_, orderno_, pid_, treeid_, toolbar_template_ ) values (2208, 'A001-2',  to_date('2016-09-28 14:12:58', 'yyyy-mm-dd hh24:mi:ss'), 'admin', '0', '1', 'admin',  to_date('2016-03-26 14:50:17', 'yyyy-mm-dd hh24:mi:ss'), '引用属性', 2, 1901, '1801|1901|2208|', null);
 insert into DEP_BASE_CATEGORY (id_, code_, createdatetime_, creator_, delflag_, expandflag_, modifier_, modifydatetime_, name_, orderno_, pid_, treeid_, toolbar_template_ ) values (2301, 'D000',  to_date('2016-09-29 10:04:20', 'yyyy-mm-dd hh24:mi:ss'), 'admin', '0', '1', 'admin',  to_date('2016-09-29 10:04:20', 'yyyy-mm-dd hh24:mi:ss'), '电商', 0, -1, '2301|', '');
 insert into DEP_BASE_CATEGORY (id_, code_, createdatetime_, creator_, delflag_, expandflag_, modifier_, modifydatetime_, name_, orderno_, pid_, treeid_, toolbar_template_ ) values (2401, 'E000',  to_date('2016-12-08 09:47:42', 'yyyy-mm-dd hh24:mi:ss'), 'admin', '0', '1', 'admin',  to_date('2016-12-08 09:47:42', 'yyyy-mm-dd hh24:mi:ss'), 'EXCEL导出模板', 0, -1, '2401|', '');
 insert into DEP_BASE_CATEGORY (id_, code_, createdatetime_, creator_, delflag_, expandflag_, modifier_, modifydatetime_, name_, orderno_, pid_, treeid_, toolbar_template_ ) values (2402, 'A001',  to_date('2016-12-08 09:48:10', 'yyyy-mm-dd hh24:mi:ss'), 'admin', '0', '1', 'admin',  to_date('2016-09-02 10:56:28', 'yyyy-mm-dd hh24:mi:ss'), '表元属性', 0, 2401, '2401|2402|', '');
 insert into DEP_BASE_CATEGORY (id_, code_, createdatetime_, creator_, delflag_, expandflag_, modifier_, modifydatetime_, name_, orderno_, pid_, treeid_, toolbar_template_ ) values (2403, 'A001-1',  to_date('2016-12-08 09:48:10', 'yyyy-mm-dd hh24:mi:ss'), 'admin', '0', '1', 'admin',  to_date('2016-03-26 14:49:58', 'yyyy-mm-dd hh24:mi:ss'), '常规属性', 1, 2402, '2401|2402|2403|', null);
 insert into DEP_BASE_CATEGORY (id_, code_, createdatetime_, creator_, delflag_, expandflag_, modifier_, modifydatetime_, name_, orderno_, pid_, treeid_, toolbar_template_ ) values (2404, 'A001-2',  to_date('2016-12-08 09:48:10', 'yyyy-mm-dd hh24:mi:ss'), 'admin', '1', '1', 'admin',  to_date('2016-03-26 14:50:17', 'yyyy-mm-dd hh24:mi:ss'), '引用属性', 2, 2402, '2401|2402|2404|', null);
 insert into DEP_BASE_CATEGORY (id_, code_, createdatetime_, creator_, delflag_, expandflag_, modifier_, modifydatetime_, name_, orderno_, pid_, treeid_, toolbar_template_ ) values (2405, 'A000-1',  to_date('2016-12-08 09:48:10', 'yyyy-mm-dd hh24:mi:ss'), 'admin', '0', '1', 'admin',  to_date('2016-05-13 16:08:26', 'yyyy-mm-dd hh24:mi:ss'), '输入输出定义', 3, 2401, '2401|2405|', null);
 insert into DEP_BASE_CATEGORY (id_, code_, createdatetime_, creator_, delflag_, expandflag_, modifier_, modifydatetime_, name_, orderno_, pid_, treeid_, toolbar_template_ ) values (2406, 'params-defined',  to_date('2016-12-08 09:48:10', 'yyyy-mm-dd hh24:mi:ss'), 'admin', '0', '1', 'admin',  to_date('2016-09-06 15:10:54', 'yyyy-mm-dd hh24:mi:ss'), '参数定义', 0, 2405, '2401|2405|2406|', '<button type="button" class="btn blue btn-sm" onclick="definedParams(this,''params-defined'')">添加</button>');
 insert into DEP_BASE_CATEGORY (id_, code_, createdatetime_, creator_, delflag_, expandflag_, modifier_, modifydatetime_, name_, orderno_, pid_, treeid_, toolbar_template_ ) values (2407, 'A000-1-1',  to_date('2016-12-08 09:48:10', 'yyyy-mm-dd hh24:mi:ss'), 'admin', '0', '1', 'admin',  to_date('2016-05-13 16:17:16', 'yyyy-mm-dd hh24:mi:ss'), '输入输出定义', 1, 2405, '2401|2405|2407|', null);
 insert into DEP_BASE_CATEGORY (id_, code_, createdatetime_, creator_, delflag_, expandflag_, modifier_, modifydatetime_, name_, orderno_, pid_, treeid_, toolbar_template_ ) values (2408, 'data_update_group',  to_date('2016-12-08 09:48:10', 'yyyy-mm-dd hh24:mi:ss'), 'admin', '0', '1', 'admin',  to_date('2016-04-13 15:10:12', 'yyyy-mm-dd hh24:mi:ss'), '数据更新集', 7, 2401, '2401|2408|', null);
 insert into DEP_BASE_CATEGORY (id_, code_, createdatetime_, creator_, delflag_, expandflag_, modifier_, modifydatetime_, name_, orderno_, pid_, treeid_, toolbar_template_ ) values (2409, 'data_save_area',  to_date('2016-12-08 09:48:10', 'yyyy-mm-dd hh24:mi:ss'), 'admin', '0', '1', 'admin',  to_date('2016-04-14 18:13:02', 'yyyy-mm-dd hh24:mi:ss'), '保存区域', 1, 2408, '2401|2408|2409|', '<button type="button" class="btn blue btn-sm" onclick="addDataSaveArea(this,''data_save_area'')">添加</button>&nbsp;<button type="button" class="btn blue btn-sm" onclick="openSaveAreaDialog(this,''data_save_area'')">配置</button>');
 insert into DEP_BASE_CATEGORY (id_, code_, createdatetime_, creator_, delflag_, expandflag_, modifier_, modifydatetime_, name_, orderno_, pid_, treeid_, toolbar_template_ ) values (2501, 'data_pageset',  to_date('2017-01-04 15:15:39', 'yyyy-mm-dd hh24:mi:ss'), 'admin', '0', '1', 'admin',  to_date('2017-01-04 15:15:39', 'yyyy-mm-dd hh24:mi:ss'), '页码设置', 2, 601, '301|601|2501|', '<button type="button" class="btn blue btn-sm" onclick="addDynamicArea(this,''data_pageset'')">添加</button>');
 insert into DEP_BASE_CATEGORY (id_, code_, createdatetime_, creator_, delflag_, expandflag_, modifier_, modifydatetime_, name_, orderno_, pid_, treeid_, toolbar_template_ ) values (2601, 'data_merge',  to_date('2017-03-06 11:26:06', 'yyyy-mm-dd hh24:mi:ss'), 'admin', '0', '1', 'admin',  to_date('2017-03-06 11:26:06', 'yyyy-mm-dd hh24:mi:ss'), '单元格合并', 2, 2408, '2401|2408|2601|', '<button type="button" class="btn blue btn-sm" onclick="addDynamicArea(this,''data_merge'')">添加</button>');


 insert into DEP_BASE_COMPONENT (id_, code_, createdatetime_, creator_, delflag_, modifier_, modifydatetime_, name_, type_, html_template_ ) values ('5363939e83ce470788656c4da96e2d77', 'image',  to_date('2016-07-09 14:36:08', 'yyyy-mm-dd hh24:mi:ss'), 'admin', '0', 'admin',  to_date('2016-07-09 14:36:08', 'yyyy-mm-dd hh24:mi:ss'), '图片', 'image', '');
 insert into DEP_BASE_COMPONENT (id_, code_, createdatetime_, creator_, delflag_, modifier_, modifydatetime_, name_, type_, html_template_ ) values ('7aa3a7aa155c47ef826275bb12adf447', 'textbox',  to_date('2016-03-18 09:59:57', 'yyyy-mm-dd hh24:mi:ss'), 'admin', '0', 'admin',  to_date('2016-04-05 09:40:31', 'yyyy-mm-dd hh24:mi:ss'), '文本输入框', 'textbox', '<input type="text" class="input-value">');
 insert into DEP_BASE_COMPONENT (id_, code_, createdatetime_, creator_, delflag_, modifier_, modifydatetime_, name_, type_, html_template_ ) values ('8004f79c6f944d289676c5d1a8bdffc2', 'checkbox',  to_date('2016-03-26 10:41:47', 'yyyy-mm-dd hh24:mi:ss'), 'admin', '0', 'admin',  to_date('2016-04-05 09:40:45', 'yyyy-mm-dd hh24:mi:ss'), '复选框', 'checkbox', '<div class="checkbox-list"><label><input type="checkbox" class="input-value"/></label></div>');
 insert into DEP_BASE_COMPONENT (id_, code_, createdatetime_, creator_, delflag_, modifier_, modifydatetime_, name_, type_, html_template_ ) values ('8516d2c5b2724b80bb290cc7233bf670', 'combobox',  to_date('2016-03-17 17:36:12', 'yyyy-mm-dd hh24:mi:ss'), 'admin', '0', 'admin',  to_date('2016-04-05 09:40:57', 'yyyy-mm-dd hh24:mi:ss'), '组合输入框', 'combobox', '<select class="input-value"></select>');
 insert into DEP_BASE_COMPONENT (id_, code_, createdatetime_, creator_, delflag_, modifier_, modifydatetime_, name_, type_, html_template_ ) values ('9e6cd498a7314f429931f6d3afe6b03c', 'openWinSelect',  to_date('2016-04-01 17:20:11', 'yyyy-mm-dd hh24:mi:ss'), 'admin', '0', 'admin',  to_date('2016-04-05 10:11:19', 'yyyy-mm-dd hh24:mi:ss'), '弹出窗', 'openWinSelect', '<div class="input-group"><input type="text" class="input-value"/><span class="input-group-btn"><button class="btn blue input-sm" type="button" onclick="javascript:openWindow(this);">...</button></span></div>');
 insert into DEP_BASE_COMPONENT (id_, code_, createdatetime_, creator_, delflag_, modifier_, modifydatetime_, name_, type_, html_template_ ) values ('a79d76c022d748bd98f15bde7f6b2044', 'select2',  to_date('2016-07-12 15:27:51', 'yyyy-mm-dd hh24:mi:ss'), 'admin', '0', 'admin',  to_date('2016-07-12 15:27:51', 'yyyy-mm-dd hh24:mi:ss'), '下拉多选框', 'select2', '');
 insert into DEP_BASE_COMPONENT (id_, code_, createdatetime_, creator_, delflag_, modifier_, modifydatetime_, name_, type_, html_template_ ) values ('aaaaad9e351f4036bf7ef289208278d8', 'button',  to_date('2016-03-28 16:20:09', 'yyyy-mm-dd hh24:mi:ss'), 'admin', '0', 'admin',  to_date('2016-03-28 16:20:09', 'yyyy-mm-dd hh24:mi:ss'), '按钮', 'button', null);
 insert into DEP_BASE_COMPONENT (id_, code_, createdatetime_, creator_, delflag_, modifier_, modifydatetime_, name_, type_, html_template_ ) values ('af9ee12e23404593a63ba8a74506d789', 'textarea',  to_date('2016-03-25 15:59:52', 'yyyy-mm-dd hh24:mi:ss'), 'admin', '0', 'admin',  to_date('2016-03-25 15:59:52', 'yyyy-mm-dd hh24:mi:ss'), '文本域', 'textarea', null);
 insert into DEP_BASE_COMPONENT (id_, code_, createdatetime_, creator_, delflag_, modifier_, modifydatetime_, name_, type_, html_template_ ) values ('afb11baa198b4540ae0d6e150709aabe', 'datebox',  to_date('2016-07-11 14:53:27', 'yyyy-mm-dd hh24:mi:ss'), 'admin', '0', 'admin',  to_date('2016-07-11 14:53:27', 'yyyy-mm-dd hh24:mi:ss'), '日期框', 'datebox', '');
 insert into DEP_BASE_COMPONENT (id_, code_, createdatetime_, creator_, delflag_, modifier_, modifydatetime_, name_, type_, html_template_ ) values ('c6bc8b586e8e41d5932f815203981398', 'importArgsData',  to_date('2016-04-22 10:01:54', 'yyyy-mm-dd hh24:mi:ss'), 'admin', '0', 'admin',  to_date('2016-04-22 10:01:54', 'yyyy-mm-dd hh24:mi:ss'), '弹窗引数', 'importArgsData', '<div class="input-group"><input type="text" class="input-value"/><span class="input-group-btn"><button class="btn blue input-sm" type="button" onclick="javascript:openWindow(this);">...</button></span></div>');
 insert into DEP_BASE_COMPONENT (id_, code_, createdatetime_, creator_, delflag_, modifier_, modifydatetime_, name_, type_, html_template_ ) values ('ebce4859685944e5b615c9c7ce389543', 'fileUpload',  to_date('2016-08-09 14:13:40', 'yyyy-mm-dd hh24:mi:ss'), 'admin', '0', 'admin',  to_date('2016-08-09 14:13:40', 'yyyy-mm-dd hh24:mi:ss'), '文件上传', 'fileUpload', '');
 insert into DEP_BASE_COMPONENT (id_, code_, createdatetime_, creator_, delflag_, modifier_, modifydatetime_, name_, type_, html_template_ ) values ('fb786d4f90354861b211468a25482876', 'radio',  to_date('2016-03-26 10:41:31', 'yyyy-mm-dd hh24:mi:ss'), 'admin', '0', 'admin',  to_date('2016-04-01 16:51:22', 'yyyy-mm-dd hh24:mi:ss'), '单选框', 'radio', '');


 insert into DEP_BASE_COMPPROP (ruleid_, dep_base_component_id_ ) values ('0ac6f644e706417083cfa9659b34caa1', '7aa3a7aa155c47ef826275bb12adf447');
 insert into DEP_BASE_COMPPROP (ruleid_, dep_base_component_id_ ) values ('0ac6f644e706417083cfa9659b34caa1', '8004f79c6f944d289676c5d1a8bdffc2');
 insert into DEP_BASE_COMPPROP (ruleid_, dep_base_component_id_ ) values ('0ac6f644e706417083cfa9659b34caa1', '8516d2c5b2724b80bb290cc7233bf670');
 insert into DEP_BASE_COMPPROP (ruleid_, dep_base_component_id_ ) values ('0ac6f644e706417083cfa9659b34caa1', 'af9ee12e23404593a63ba8a74506d789');
 insert into DEP_BASE_COMPPROP (ruleid_, dep_base_component_id_ ) values ('0ac6f644e706417083cfa9659b34caa1', 'fb786d4f90354861b211468a25482876');
 insert into DEP_BASE_COMPPROP (ruleid_, dep_base_component_id_ ) values ('11dd4bc4e6474f039b8f7b49c0f45120', '8004f79c6f944d289676c5d1a8bdffc2');
 insert into DEP_BASE_COMPPROP (ruleid_, dep_base_component_id_ ) values ('11dd4bc4e6474f039b8f7b49c0f45120', '8516d2c5b2724b80bb290cc7233bf670');
 insert into DEP_BASE_COMPPROP (ruleid_, dep_base_component_id_ ) values ('11dd4bc4e6474f039b8f7b49c0f45120', 'a79d76c022d748bd98f15bde7f6b2044');
 insert into DEP_BASE_COMPPROP (ruleid_, dep_base_component_id_ ) values ('11dd4bc4e6474f039b8f7b49c0f45120', 'fb786d4f90354861b211468a25482876');
 insert into DEP_BASE_COMPPROP (ruleid_, dep_base_component_id_ ) values ('15bf6c8fd5de418fbb70b82129f9320e', '7aa3a7aa155c47ef826275bb12adf447');
 insert into DEP_BASE_COMPPROP (ruleid_, dep_base_component_id_ ) values ('15bf6c8fd5de418fbb70b82129f9320e', '8004f79c6f944d289676c5d1a8bdffc2');
 insert into DEP_BASE_COMPPROP (ruleid_, dep_base_component_id_ ) values ('15bf6c8fd5de418fbb70b82129f9320e', '8516d2c5b2724b80bb290cc7233bf670');
 insert into DEP_BASE_COMPPROP (ruleid_, dep_base_component_id_ ) values ('15bf6c8fd5de418fbb70b82129f9320e', '9e6cd498a7314f429931f6d3afe6b03c');
 insert into DEP_BASE_COMPPROP (ruleid_, dep_base_component_id_ ) values ('15bf6c8fd5de418fbb70b82129f9320e', 'aaaaad9e351f4036bf7ef289208278d8');
 insert into DEP_BASE_COMPPROP (ruleid_, dep_base_component_id_ ) values ('15bf6c8fd5de418fbb70b82129f9320e', 'af9ee12e23404593a63ba8a74506d789');
 insert into DEP_BASE_COMPPROP (ruleid_, dep_base_component_id_ ) values ('15bf6c8fd5de418fbb70b82129f9320e', 'fb786d4f90354861b211468a25482876');
 insert into DEP_BASE_COMPPROP (ruleid_, dep_base_component_id_ ) values ('1a3c0506f8a04974acf69c14b3fe8e21', 'ebce4859685944e5b615c9c7ce389543');
 insert into DEP_BASE_COMPPROP (ruleid_, dep_base_component_id_ ) values ('2863e8b00dec4180b869d0a3d0ea56b4', '7aa3a7aa155c47ef826275bb12adf447');
 insert into DEP_BASE_COMPPROP (ruleid_, dep_base_component_id_ ) values ('2863e8b00dec4180b869d0a3d0ea56b4', '8516d2c5b2724b80bb290cc7233bf670');
 insert into DEP_BASE_COMPPROP (ruleid_, dep_base_component_id_ ) values ('2863e8b00dec4180b869d0a3d0ea56b4', 'af9ee12e23404593a63ba8a74506d789');
 insert into DEP_BASE_COMPPROP (ruleid_, dep_base_component_id_ ) values ('2a85f23a70e042f89e07230a56015752', '7aa3a7aa155c47ef826275bb12adf447');
 insert into DEP_BASE_COMPPROP (ruleid_, dep_base_component_id_ ) values ('2a85f23a70e042f89e07230a56015752', '8516d2c5b2724b80bb290cc7233bf670');
 insert into DEP_BASE_COMPPROP (ruleid_, dep_base_component_id_ ) values ('2a85f23a70e042f89e07230a56015752', '9e6cd498a7314f429931f6d3afe6b03c');
 insert into DEP_BASE_COMPPROP (ruleid_, dep_base_component_id_ ) values ('2a85f23a70e042f89e07230a56015752', 'af9ee12e23404593a63ba8a74506d789');
 insert into DEP_BASE_COMPPROP (ruleid_, dep_base_component_id_ ) values ('304a81fad91c44a0b01c119aa16d09a1', '7aa3a7aa155c47ef826275bb12adf447');
 insert into DEP_BASE_COMPPROP (ruleid_, dep_base_component_id_ ) values ('304a81fad91c44a0b01c119aa16d09a1', '8516d2c5b2724b80bb290cc7233bf670');
 insert into DEP_BASE_COMPPROP (ruleid_, dep_base_component_id_ ) values ('3889a5e5c0b54411bb657f67d293b52f', '7aa3a7aa155c47ef826275bb12adf447');
 insert into DEP_BASE_COMPPROP (ruleid_, dep_base_component_id_ ) values ('3889a5e5c0b54411bb657f67d293b52f', '8004f79c6f944d289676c5d1a8bdffc2');
 insert into DEP_BASE_COMPPROP (ruleid_, dep_base_component_id_ ) values ('3889a5e5c0b54411bb657f67d293b52f', '8516d2c5b2724b80bb290cc7233bf670');
 insert into DEP_BASE_COMPPROP (ruleid_, dep_base_component_id_ ) values ('3889a5e5c0b54411bb657f67d293b52f', '9e6cd498a7314f429931f6d3afe6b03c');
 insert into DEP_BASE_COMPPROP (ruleid_, dep_base_component_id_ ) values ('3889a5e5c0b54411bb657f67d293b52f', 'aaaaad9e351f4036bf7ef289208278d8');
 insert into DEP_BASE_COMPPROP (ruleid_, dep_base_component_id_ ) values ('3889a5e5c0b54411bb657f67d293b52f', 'af9ee12e23404593a63ba8a74506d789');
 insert into DEP_BASE_COMPPROP (ruleid_, dep_base_component_id_ ) values ('3889a5e5c0b54411bb657f67d293b52f', 'c6bc8b586e8e41d5932f815203981398');
 insert into DEP_BASE_COMPPROP (ruleid_, dep_base_component_id_ ) values ('3889a5e5c0b54411bb657f67d293b52f', 'fb786d4f90354861b211468a25482876');
 insert into DEP_BASE_COMPPROP (ruleid_, dep_base_component_id_ ) values ('3d1a1a5747ad4f2fb7c52c44075c8dc5', '7aa3a7aa155c47ef826275bb12adf447');
 insert into DEP_BASE_COMPPROP (ruleid_, dep_base_component_id_ ) values ('3d1a1a5747ad4f2fb7c52c44075c8dc5', '8004f79c6f944d289676c5d1a8bdffc2');
 insert into DEP_BASE_COMPPROP (ruleid_, dep_base_component_id_ ) values ('3d1a1a5747ad4f2fb7c52c44075c8dc5', '8516d2c5b2724b80bb290cc7233bf670');
 insert into DEP_BASE_COMPPROP (ruleid_, dep_base_component_id_ ) values ('3d1a1a5747ad4f2fb7c52c44075c8dc5', '9e6cd498a7314f429931f6d3afe6b03c');
 insert into DEP_BASE_COMPPROP (ruleid_, dep_base_component_id_ ) values ('3d1a1a5747ad4f2fb7c52c44075c8dc5', 'af9ee12e23404593a63ba8a74506d789');
 insert into DEP_BASE_COMPPROP (ruleid_, dep_base_component_id_ ) values ('4045d2dd7c0e44efb410720614fdafe9', '7aa3a7aa155c47ef826275bb12adf447');
 insert into DEP_BASE_COMPPROP (ruleid_, dep_base_component_id_ ) values ('4045d2dd7c0e44efb410720614fdafe9', '8004f79c6f944d289676c5d1a8bdffc2');
 insert into DEP_BASE_COMPPROP (ruleid_, dep_base_component_id_ ) values ('4045d2dd7c0e44efb410720614fdafe9', '8516d2c5b2724b80bb290cc7233bf670');
 insert into DEP_BASE_COMPPROP (ruleid_, dep_base_component_id_ ) values ('4045d2dd7c0e44efb410720614fdafe9', '9e6cd498a7314f429931f6d3afe6b03c');
 insert into DEP_BASE_COMPPROP (ruleid_, dep_base_component_id_ ) values ('4045d2dd7c0e44efb410720614fdafe9', 'af9ee12e23404593a63ba8a74506d789');
 insert into DEP_BASE_COMPPROP (ruleid_, dep_base_component_id_ ) values ('42b540eaeb174cc5aa584558df99234c', '7aa3a7aa155c47ef826275bb12adf447');
 insert into DEP_BASE_COMPPROP (ruleid_, dep_base_component_id_ ) values ('42b540eaeb174cc5aa584558df99234c', '8516d2c5b2724b80bb290cc7233bf670');
 insert into DEP_BASE_COMPPROP (ruleid_, dep_base_component_id_ ) values ('42b540eaeb174cc5aa584558df99234c', 'af9ee12e23404593a63ba8a74506d789');
 insert into DEP_BASE_COMPPROP (ruleid_, dep_base_component_id_ ) values ('526c85c1f81a4dcb8b74fc5ebe70d998', '7aa3a7aa155c47ef826275bb12adf447');
 insert into DEP_BASE_COMPPROP (ruleid_, dep_base_component_id_ ) values ('526c85c1f81a4dcb8b74fc5ebe70d998', '8516d2c5b2724b80bb290cc7233bf670');
 insert into DEP_BASE_COMPPROP (ruleid_, dep_base_component_id_ ) values ('526c85c1f81a4dcb8b74fc5ebe70d998', 'af9ee12e23404593a63ba8a74506d789');
 insert into DEP_BASE_COMPPROP (ruleid_, dep_base_component_id_ ) values ('528b9ada65a24a559b9fe2d13628f448', '7aa3a7aa155c47ef826275bb12adf447');
 insert into DEP_BASE_COMPPROP (ruleid_, dep_base_component_id_ ) values ('528b9ada65a24a559b9fe2d13628f448', '8516d2c5b2724b80bb290cc7233bf670');
 insert into DEP_BASE_COMPPROP (ruleid_, dep_base_component_id_ ) values ('528b9ada65a24a559b9fe2d13628f448', '9e6cd498a7314f429931f6d3afe6b03c');
 insert into DEP_BASE_COMPPROP (ruleid_, dep_base_component_id_ ) values ('528b9ada65a24a559b9fe2d13628f448', 'af9ee12e23404593a63ba8a74506d789');
 insert into DEP_BASE_COMPPROP (ruleid_, dep_base_component_id_ ) values ('5755fe7d28bd4fc3a0c6cd8fcecb6adb', '7aa3a7aa155c47ef826275bb12adf447');
 insert into DEP_BASE_COMPPROP (ruleid_, dep_base_component_id_ ) values ('5755fe7d28bd4fc3a0c6cd8fcecb6adb', '8516d2c5b2724b80bb290cc7233bf670');
 insert into DEP_BASE_COMPPROP (ruleid_, dep_base_component_id_ ) values ('5755fe7d28bd4fc3a0c6cd8fcecb6adb', '9e6cd498a7314f429931f6d3afe6b03c');
 insert into DEP_BASE_COMPPROP (ruleid_, dep_base_component_id_ ) values ('5755fe7d28bd4fc3a0c6cd8fcecb6adb', 'af9ee12e23404593a63ba8a74506d789');
 insert into DEP_BASE_COMPPROP (ruleid_, dep_base_component_id_ ) values ('5d6e7f2d67d24f1ea9c6886e169a97ff', '5363939e83ce470788656c4da96e2d77');
 insert into DEP_BASE_COMPPROP (ruleid_, dep_base_component_id_ ) values ('61c5cacbb4b64540a72ef0a5cd0ce867', '7aa3a7aa155c47ef826275bb12adf447');
 insert into DEP_BASE_COMPPROP (ruleid_, dep_base_component_id_ ) values ('61c5cacbb4b64540a72ef0a5cd0ce867', '8004f79c6f944d289676c5d1a8bdffc2');
 insert into DEP_BASE_COMPPROP (ruleid_, dep_base_component_id_ ) values ('61c5cacbb4b64540a72ef0a5cd0ce867', '8516d2c5b2724b80bb290cc7233bf670');
 insert into DEP_BASE_COMPPROP (ruleid_, dep_base_component_id_ ) values ('61c5cacbb4b64540a72ef0a5cd0ce867', '9e6cd498a7314f429931f6d3afe6b03c');
 insert into DEP_BASE_COMPPROP (ruleid_, dep_base_component_id_ ) values ('61c5cacbb4b64540a72ef0a5cd0ce867', 'af9ee12e23404593a63ba8a74506d789');
 insert into DEP_BASE_COMPPROP (ruleid_, dep_base_component_id_ ) values ('61cb2a8bafa9400a8cf7b9f4dc43bedc', '7aa3a7aa155c47ef826275bb12adf447');
 insert into DEP_BASE_COMPPROP (ruleid_, dep_base_component_id_ ) values ('61cb2a8bafa9400a8cf7b9f4dc43bedc', '8004f79c6f944d289676c5d1a8bdffc2');
 insert into DEP_BASE_COMPPROP (ruleid_, dep_base_component_id_ ) values ('61cb2a8bafa9400a8cf7b9f4dc43bedc', '8516d2c5b2724b80bb290cc7233bf670');
 insert into DEP_BASE_COMPPROP (ruleid_, dep_base_component_id_ ) values ('61cb2a8bafa9400a8cf7b9f4dc43bedc', 'aaaaad9e351f4036bf7ef289208278d8');
 insert into DEP_BASE_COMPPROP (ruleid_, dep_base_component_id_ ) values ('61cb2a8bafa9400a8cf7b9f4dc43bedc', 'af9ee12e23404593a63ba8a74506d789');
 insert into DEP_BASE_COMPPROP (ruleid_, dep_base_component_id_ ) values ('61cb2a8bafa9400a8cf7b9f4dc43bedc', 'fb786d4f90354861b211468a25482876');
 insert into DEP_BASE_COMPPROP (ruleid_, dep_base_component_id_ ) values ('66f25685ba6a411e8a7ab52b0f4e21d3', 'c6bc8b586e8e41d5932f815203981398');
 insert into DEP_BASE_COMPPROP (ruleid_, dep_base_component_id_ ) values ('70cffc2e88f54989924c14d672cf73c9', '7aa3a7aa155c47ef826275bb12adf447');
 insert into DEP_BASE_COMPPROP (ruleid_, dep_base_component_id_ ) values ('70cffc2e88f54989924c14d672cf73c9', '8516d2c5b2724b80bb290cc7233bf670');
 insert into DEP_BASE_COMPPROP (ruleid_, dep_base_component_id_ ) values ('70cffc2e88f54989924c14d672cf73c9', '9e6cd498a7314f429931f6d3afe6b03c');
 insert into DEP_BASE_COMPPROP (ruleid_, dep_base_component_id_ ) values ('70cffc2e88f54989924c14d672cf73c9', 'af9ee12e23404593a63ba8a74506d789');
 insert into DEP_BASE_COMPPROP (ruleid_, dep_base_component_id_ ) values ('72916ca7b6a74e089818e69c08c3781f', '7aa3a7aa155c47ef826275bb12adf447');
 insert into DEP_BASE_COMPPROP (ruleid_, dep_base_component_id_ ) values ('72916ca7b6a74e089818e69c08c3781f', '8004f79c6f944d289676c5d1a8bdffc2');
 insert into DEP_BASE_COMPPROP (ruleid_, dep_base_component_id_ ) values ('72916ca7b6a74e089818e69c08c3781f', '8516d2c5b2724b80bb290cc7233bf670');
 insert into DEP_BASE_COMPPROP (ruleid_, dep_base_component_id_ ) values ('72916ca7b6a74e089818e69c08c3781f', '9e6cd498a7314f429931f6d3afe6b03c');
 insert into DEP_BASE_COMPPROP (ruleid_, dep_base_component_id_ ) values ('72916ca7b6a74e089818e69c08c3781f', 'aaaaad9e351f4036bf7ef289208278d8');
 insert into DEP_BASE_COMPPROP (ruleid_, dep_base_component_id_ ) values ('72916ca7b6a74e089818e69c08c3781f', 'af9ee12e23404593a63ba8a74506d789');
 insert into DEP_BASE_COMPPROP (ruleid_, dep_base_component_id_ ) values ('72916ca7b6a74e089818e69c08c3781f', 'c6bc8b586e8e41d5932f815203981398');
 insert into DEP_BASE_COMPPROP (ruleid_, dep_base_component_id_ ) values ('72916ca7b6a74e089818e69c08c3781f', 'fb786d4f90354861b211468a25482876');
 insert into DEP_BASE_COMPPROP (ruleid_, dep_base_component_id_ ) values ('732a89837035496082c714aa55445e3a', '7aa3a7aa155c47ef826275bb12adf447');
 insert into DEP_BASE_COMPPROP (ruleid_, dep_base_component_id_ ) values ('732a89837035496082c714aa55445e3a', '8004f79c6f944d289676c5d1a8bdffc2');
 insert into DEP_BASE_COMPPROP (ruleid_, dep_base_component_id_ ) values ('732a89837035496082c714aa55445e3a', '8516d2c5b2724b80bb290cc7233bf670');
 insert into DEP_BASE_COMPPROP (ruleid_, dep_base_component_id_ ) values ('732a89837035496082c714aa55445e3a', 'af9ee12e23404593a63ba8a74506d789');
 insert into DEP_BASE_COMPPROP (ruleid_, dep_base_component_id_ ) values ('732a89837035496082c714aa55445e3a', 'fb786d4f90354861b211468a25482876');
 insert into DEP_BASE_COMPPROP (ruleid_, dep_base_component_id_ ) values ('7d24c5d9f54b4fb1bc9191423d1be52c', '7aa3a7aa155c47ef826275bb12adf447');
 insert into DEP_BASE_COMPPROP (ruleid_, dep_base_component_id_ ) values ('7d24c5d9f54b4fb1bc9191423d1be52c', '8516d2c5b2724b80bb290cc7233bf670');
 insert into DEP_BASE_COMPPROP (ruleid_, dep_base_component_id_ ) values ('7d24c5d9f54b4fb1bc9191423d1be52c', 'af9ee12e23404593a63ba8a74506d789');
 insert into DEP_BASE_COMPPROP (ruleid_, dep_base_component_id_ ) values ('92c0a70c7d1c427fa23305616dcb51a7', '7aa3a7aa155c47ef826275bb12adf447');
 insert into DEP_BASE_COMPPROP (ruleid_, dep_base_component_id_ ) values ('92c0a70c7d1c427fa23305616dcb51a7', '8516d2c5b2724b80bb290cc7233bf670');
 insert into DEP_BASE_COMPPROP (ruleid_, dep_base_component_id_ ) values ('92c0a70c7d1c427fa23305616dcb51a7', 'af9ee12e23404593a63ba8a74506d789');
 insert into DEP_BASE_COMPPROP (ruleid_, dep_base_component_id_ ) values ('9665da789970466dbfbb673e14159051', '7aa3a7aa155c47ef826275bb12adf447');
 insert into DEP_BASE_COMPPROP (ruleid_, dep_base_component_id_ ) values ('9665da789970466dbfbb673e14159051', '8004f79c6f944d289676c5d1a8bdffc2');
 insert into DEP_BASE_COMPPROP (ruleid_, dep_base_component_id_ ) values ('9665da789970466dbfbb673e14159051', '8516d2c5b2724b80bb290cc7233bf670');
 insert into DEP_BASE_COMPPROP (ruleid_, dep_base_component_id_ ) values ('9665da789970466dbfbb673e14159051', 'aaaaad9e351f4036bf7ef289208278d8');
 insert into DEP_BASE_COMPPROP (ruleid_, dep_base_component_id_ ) values ('9665da789970466dbfbb673e14159051', 'af9ee12e23404593a63ba8a74506d789');
 insert into DEP_BASE_COMPPROP (ruleid_, dep_base_component_id_ ) values ('9665da789970466dbfbb673e14159051', 'fb786d4f90354861b211468a25482876');
 insert into DEP_BASE_COMPPROP (ruleid_, dep_base_component_id_ ) values ('9c58e208bd3c4e9da4372fb861567d08', '7aa3a7aa155c47ef826275bb12adf447');
 insert into DEP_BASE_COMPPROP (ruleid_, dep_base_component_id_ ) values ('9c58e208bd3c4e9da4372fb861567d08', '8516d2c5b2724b80bb290cc7233bf670');
 insert into DEP_BASE_COMPPROP (ruleid_, dep_base_component_id_ ) values ('9c58e208bd3c4e9da4372fb861567d08', 'af9ee12e23404593a63ba8a74506d789');
 insert into DEP_BASE_COMPPROP (ruleid_, dep_base_component_id_ ) values ('a55abd9e357d419f9bdc9b169f75cf88', '7aa3a7aa155c47ef826275bb12adf447');
 insert into DEP_BASE_COMPPROP (ruleid_, dep_base_component_id_ ) values ('a55abd9e357d419f9bdc9b169f75cf88', '8516d2c5b2724b80bb290cc7233bf670');
 insert into DEP_BASE_COMPPROP (ruleid_, dep_base_component_id_ ) values ('a55abd9e357d419f9bdc9b169f75cf88', 'af9ee12e23404593a63ba8a74506d789');
 insert into DEP_BASE_COMPPROP (ruleid_, dep_base_component_id_ ) values ('c383d58480eb4c5bb0c47ba459f431ab', '8516d2c5b2724b80bb290cc7233bf670');
 insert into DEP_BASE_COMPPROP (ruleid_, dep_base_component_id_ ) values ('c4a95ef0e6894c9491604c0401473e18', '7aa3a7aa155c47ef826275bb12adf447');
 insert into DEP_BASE_COMPPROP (ruleid_, dep_base_component_id_ ) values ('c4a95ef0e6894c9491604c0401473e18', '8004f79c6f944d289676c5d1a8bdffc2');
 insert into DEP_BASE_COMPPROP (ruleid_, dep_base_component_id_ ) values ('c4a95ef0e6894c9491604c0401473e18', '8516d2c5b2724b80bb290cc7233bf670');
 insert into DEP_BASE_COMPPROP (ruleid_, dep_base_component_id_ ) values ('c4a95ef0e6894c9491604c0401473e18', 'af9ee12e23404593a63ba8a74506d789');
 insert into DEP_BASE_COMPPROP (ruleid_, dep_base_component_id_ ) values ('c4a95ef0e6894c9491604c0401473e18', 'fb786d4f90354861b211468a25482876');
 insert into DEP_BASE_COMPPROP (ruleid_, dep_base_component_id_ ) values ('c4d27305d130416783d8a8683c4def92', '7aa3a7aa155c47ef826275bb12adf447');
 insert into DEP_BASE_COMPPROP (ruleid_, dep_base_component_id_ ) values ('c4d27305d130416783d8a8683c4def92', '8004f79c6f944d289676c5d1a8bdffc2');
 insert into DEP_BASE_COMPPROP (ruleid_, dep_base_component_id_ ) values ('c4d27305d130416783d8a8683c4def92', '8516d2c5b2724b80bb290cc7233bf670');
 insert into DEP_BASE_COMPPROP (ruleid_, dep_base_component_id_ ) values ('c4d27305d130416783d8a8683c4def92', 'aaaaad9e351f4036bf7ef289208278d8');
 insert into DEP_BASE_COMPPROP (ruleid_, dep_base_component_id_ ) values ('c4d27305d130416783d8a8683c4def92', 'af9ee12e23404593a63ba8a74506d789');
 insert into DEP_BASE_COMPPROP (ruleid_, dep_base_component_id_ ) values ('c4d27305d130416783d8a8683c4def92', 'fb786d4f90354861b211468a25482876');
 insert into DEP_BASE_COMPPROP (ruleid_, dep_base_component_id_ ) values ('c7e3c6de2fa44d77a243835bce179dec', '7aa3a7aa155c47ef826275bb12adf447');
 insert into DEP_BASE_COMPPROP (ruleid_, dep_base_component_id_ ) values ('c7e3c6de2fa44d77a243835bce179dec', '8004f79c6f944d289676c5d1a8bdffc2');
 insert into DEP_BASE_COMPPROP (ruleid_, dep_base_component_id_ ) values ('c7e3c6de2fa44d77a243835bce179dec', '8516d2c5b2724b80bb290cc7233bf670');
 insert into DEP_BASE_COMPPROP (ruleid_, dep_base_component_id_ ) values ('c7e3c6de2fa44d77a243835bce179dec', '9e6cd498a7314f429931f6d3afe6b03c');
 insert into DEP_BASE_COMPPROP (ruleid_, dep_base_component_id_ ) values ('c7e3c6de2fa44d77a243835bce179dec', 'aaaaad9e351f4036bf7ef289208278d8');
 insert into DEP_BASE_COMPPROP (ruleid_, dep_base_component_id_ ) values ('c7e3c6de2fa44d77a243835bce179dec', 'af9ee12e23404593a63ba8a74506d789');
 insert into DEP_BASE_COMPPROP (ruleid_, dep_base_component_id_ ) values ('c7e3c6de2fa44d77a243835bce179dec', 'c6bc8b586e8e41d5932f815203981398');
 insert into DEP_BASE_COMPPROP (ruleid_, dep_base_component_id_ ) values ('c7e3c6de2fa44d77a243835bce179dec', 'fb786d4f90354861b211468a25482876');
 insert into DEP_BASE_COMPPROP (ruleid_, dep_base_component_id_ ) values ('c87da1fb65a74de3aafa756b37f9d379', '7aa3a7aa155c47ef826275bb12adf447');
 insert into DEP_BASE_COMPPROP (ruleid_, dep_base_component_id_ ) values ('c87da1fb65a74de3aafa756b37f9d379', '8004f79c6f944d289676c5d1a8bdffc2');
 insert into DEP_BASE_COMPPROP (ruleid_, dep_base_component_id_ ) values ('c87da1fb65a74de3aafa756b37f9d379', '8516d2c5b2724b80bb290cc7233bf670');
 insert into DEP_BASE_COMPPROP (ruleid_, dep_base_component_id_ ) values ('c87da1fb65a74de3aafa756b37f9d379', 'aaaaad9e351f4036bf7ef289208278d8');
 insert into DEP_BASE_COMPPROP (ruleid_, dep_base_component_id_ ) values ('c87da1fb65a74de3aafa756b37f9d379', 'af9ee12e23404593a63ba8a74506d789');
 insert into DEP_BASE_COMPPROP (ruleid_, dep_base_component_id_ ) values ('c87da1fb65a74de3aafa756b37f9d379', 'fb786d4f90354861b211468a25482876');
 insert into DEP_BASE_COMPPROP (ruleid_, dep_base_component_id_ ) values ('c951dc1643cc4b6b9208d7b17ec8fd9a', '7aa3a7aa155c47ef826275bb12adf447');
 insert into DEP_BASE_COMPPROP (ruleid_, dep_base_component_id_ ) values ('c951dc1643cc4b6b9208d7b17ec8fd9a', '8516d2c5b2724b80bb290cc7233bf670');
 insert into DEP_BASE_COMPPROP (ruleid_, dep_base_component_id_ ) values ('cb43f993f88b4da29635ea190f52f021', '7aa3a7aa155c47ef826275bb12adf447');
 insert into DEP_BASE_COMPPROP (ruleid_, dep_base_component_id_ ) values ('cb43f993f88b4da29635ea190f52f021', '8004f79c6f944d289676c5d1a8bdffc2');
 insert into DEP_BASE_COMPPROP (ruleid_, dep_base_component_id_ ) values ('cb43f993f88b4da29635ea190f52f021', '8516d2c5b2724b80bb290cc7233bf670');
 insert into DEP_BASE_COMPPROP (ruleid_, dep_base_component_id_ ) values ('cb43f993f88b4da29635ea190f52f021', '9e6cd498a7314f429931f6d3afe6b03c');
 insert into DEP_BASE_COMPPROP (ruleid_, dep_base_component_id_ ) values ('cb43f993f88b4da29635ea190f52f021', 'af9ee12e23404593a63ba8a74506d789');
 insert into DEP_BASE_COMPPROP (ruleid_, dep_base_component_id_ ) values ('d485c89e57d748e2a85502977faf92cc', '7aa3a7aa155c47ef826275bb12adf447');
 insert into DEP_BASE_COMPPROP (ruleid_, dep_base_component_id_ ) values ('d485c89e57d748e2a85502977faf92cc', '8516d2c5b2724b80bb290cc7233bf670');
 insert into DEP_BASE_COMPPROP (ruleid_, dep_base_component_id_ ) values ('d485c89e57d748e2a85502977faf92cc', 'af9ee12e23404593a63ba8a74506d789');
 insert into DEP_BASE_COMPPROP (ruleid_, dep_base_component_id_ ) values ('d87bba605b914c2298babdfc759fc56d', '7aa3a7aa155c47ef826275bb12adf447');
 insert into DEP_BASE_COMPPROP (ruleid_, dep_base_component_id_ ) values ('d87bba605b914c2298babdfc759fc56d', '8004f79c6f944d289676c5d1a8bdffc2');
 insert into DEP_BASE_COMPPROP (ruleid_, dep_base_component_id_ ) values ('d87bba605b914c2298babdfc759fc56d', '8516d2c5b2724b80bb290cc7233bf670');
 insert into DEP_BASE_COMPPROP (ruleid_, dep_base_component_id_ ) values ('d87bba605b914c2298babdfc759fc56d', 'aaaaad9e351f4036bf7ef289208278d8');
 insert into DEP_BASE_COMPPROP (ruleid_, dep_base_component_id_ ) values ('d87bba605b914c2298babdfc759fc56d', 'af9ee12e23404593a63ba8a74506d789');
 insert into DEP_BASE_COMPPROP (ruleid_, dep_base_component_id_ ) values ('d87bba605b914c2298babdfc759fc56d', 'fb786d4f90354861b211468a25482876');
 insert into DEP_BASE_COMPPROP (ruleid_, dep_base_component_id_ ) values ('e520fc12d4f846d2bdf91d036d7498c0', '7aa3a7aa155c47ef826275bb12adf447');
 insert into DEP_BASE_COMPPROP (ruleid_, dep_base_component_id_ ) values ('e520fc12d4f846d2bdf91d036d7498c0', '8004f79c6f944d289676c5d1a8bdffc2');
 insert into DEP_BASE_COMPPROP (ruleid_, dep_base_component_id_ ) values ('e520fc12d4f846d2bdf91d036d7498c0', '8516d2c5b2724b80bb290cc7233bf670');
 insert into DEP_BASE_COMPPROP (ruleid_, dep_base_component_id_ ) values ('e520fc12d4f846d2bdf91d036d7498c0', 'aaaaad9e351f4036bf7ef289208278d8');
 insert into DEP_BASE_COMPPROP (ruleid_, dep_base_component_id_ ) values ('e520fc12d4f846d2bdf91d036d7498c0', 'af9ee12e23404593a63ba8a74506d789');
 insert into DEP_BASE_COMPPROP (ruleid_, dep_base_component_id_ ) values ('e520fc12d4f846d2bdf91d036d7498c0', 'fb786d4f90354861b211468a25482876');
 insert into DEP_BASE_COMPPROP (ruleid_, dep_base_component_id_ ) values ('ec9c777d5ac049ebb5ee03da8d41c404', '7aa3a7aa155c47ef826275bb12adf447');
 insert into DEP_BASE_COMPPROP (ruleid_, dep_base_component_id_ ) values ('ec9c777d5ac049ebb5ee03da8d41c404', '8516d2c5b2724b80bb290cc7233bf670');
 insert into DEP_BASE_COMPPROP (ruleid_, dep_base_component_id_ ) values ('ec9c777d5ac049ebb5ee03da8d41c404', 'af9ee12e23404593a63ba8a74506d789');
 insert into DEP_BASE_COMPPROP (ruleid_, dep_base_component_id_ ) values ('efecc8dd2c79460483e3445cfd37391a', 'af9ee12e23404593a63ba8a74506d789');
 insert into DEP_BASE_COMPPROP (ruleid_, dep_base_component_id_ ) values ('f466d5cf9c054a0fb617d98b734d9031', '7aa3a7aa155c47ef826275bb12adf447');
 insert into DEP_BASE_COMPPROP (ruleid_, dep_base_component_id_ ) values ('f8674075f8304cc78a99669bd4af2cfe', '7aa3a7aa155c47ef826275bb12adf447');
 insert into DEP_BASE_COMPPROP (ruleid_, dep_base_component_id_ ) values ('f8674075f8304cc78a99669bd4af2cfe', '8004f79c6f944d289676c5d1a8bdffc2');
 insert into DEP_BASE_COMPPROP (ruleid_, dep_base_component_id_ ) values ('f8674075f8304cc78a99669bd4af2cfe', '8516d2c5b2724b80bb290cc7233bf670');
 insert into DEP_BASE_COMPPROP (ruleid_, dep_base_component_id_ ) values ('f8674075f8304cc78a99669bd4af2cfe', '9e6cd498a7314f429931f6d3afe6b03c');
 insert into DEP_BASE_COMPPROP (ruleid_, dep_base_component_id_ ) values ('f8674075f8304cc78a99669bd4af2cfe', 'aaaaad9e351f4036bf7ef289208278d8');
 insert into DEP_BASE_COMPPROP (ruleid_, dep_base_component_id_ ) values ('f8674075f8304cc78a99669bd4af2cfe', 'af9ee12e23404593a63ba8a74506d789');
 insert into DEP_BASE_COMPPROP (ruleid_, dep_base_component_id_ ) values ('f8674075f8304cc78a99669bd4af2cfe', 'c6bc8b586e8e41d5932f815203981398');
 insert into DEP_BASE_COMPPROP (ruleid_, dep_base_component_id_ ) values ('f8674075f8304cc78a99669bd4af2cfe', 'fb786d4f90354861b211468a25482876');
 insert into DEP_BASE_COMPPROP (ruleid_, dep_base_component_id_ ) values ('f96e3923421240caaa514ab7bb92bb3f', '7aa3a7aa155c47ef826275bb12adf447');
 insert into DEP_BASE_COMPPROP (ruleid_, dep_base_component_id_ ) values ('f96e3923421240caaa514ab7bb92bb3f', '8004f79c6f944d289676c5d1a8bdffc2');
 insert into DEP_BASE_COMPPROP (ruleid_, dep_base_component_id_ ) values ('f96e3923421240caaa514ab7bb92bb3f', '8516d2c5b2724b80bb290cc7233bf670');
 insert into DEP_BASE_COMPPROP (ruleid_, dep_base_component_id_ ) values ('f96e3923421240caaa514ab7bb92bb3f', '9e6cd498a7314f429931f6d3afe6b03c');
 insert into DEP_BASE_COMPPROP (ruleid_, dep_base_component_id_ ) values ('f96e3923421240caaa514ab7bb92bb3f', 'af9ee12e23404593a63ba8a74506d789');
 insert into DEP_BASE_COMPPROP (ruleid_, dep_base_component_id_ ) values ('fa928767cb2c440497a1b60b44d22fd1', '7aa3a7aa155c47ef826275bb12adf447');
 insert into DEP_BASE_COMPPROP (ruleid_, dep_base_component_id_ ) values ('fa928767cb2c440497a1b60b44d22fd1', '8004f79c6f944d289676c5d1a8bdffc2');
 insert into DEP_BASE_COMPPROP (ruleid_, dep_base_component_id_ ) values ('fa928767cb2c440497a1b60b44d22fd1', '8516d2c5b2724b80bb290cc7233bf670');
 insert into DEP_BASE_COMPPROP (ruleid_, dep_base_component_id_ ) values ('fa928767cb2c440497a1b60b44d22fd1', 'aaaaad9e351f4036bf7ef289208278d8');
 insert into DEP_BASE_COMPPROP (ruleid_, dep_base_component_id_ ) values ('fa928767cb2c440497a1b60b44d22fd1', 'af9ee12e23404593a63ba8a74506d789');
 insert into DEP_BASE_COMPPROP (ruleid_, dep_base_component_id_ ) values ('fa928767cb2c440497a1b60b44d22fd1', 'fb786d4f90354861b211468a25482876');


 insert into DEP_BASE_COMPSCOPE (dep_base_ui_id_, dep_base_component_id_, createdatetime_, creator_ ) values ('101', '5363939e83ce470788656c4da96e2d77',  to_date('2016-07-09 14:36:08', 'yyyy-mm-dd hh24:mi:ss'), 'admin');
 insert into DEP_BASE_COMPSCOPE (dep_base_ui_id_, dep_base_component_id_, createdatetime_, creator_ ) values ('101', '8004f79c6f944d289676c5d1a8bdffc2',  to_date('2016-04-05 09:40:45', 'yyyy-mm-dd hh24:mi:ss'), 'admin');
 insert into DEP_BASE_COMPSCOPE (dep_base_ui_id_, dep_base_component_id_, createdatetime_, creator_ ) values ('101', '8516d2c5b2724b80bb290cc7233bf670',  to_date('2016-04-05 09:40:57', 'yyyy-mm-dd hh24:mi:ss'), 'admin');
 insert into DEP_BASE_COMPSCOPE (dep_base_ui_id_, dep_base_component_id_, createdatetime_, creator_ ) values ('101', 'a79d76c022d748bd98f15bde7f6b2044',  to_date('2016-07-12 15:27:51', 'yyyy-mm-dd hh24:mi:ss'), 'admin');
 insert into DEP_BASE_COMPSCOPE (dep_base_ui_id_, dep_base_component_id_, createdatetime_, creator_ ) values ('101', 'aaaaad9e351f4036bf7ef289208278d8',  to_date('2016-03-28 16:20:09', 'yyyy-mm-dd hh24:mi:ss'), 'admin');
 insert into DEP_BASE_COMPSCOPE (dep_base_ui_id_, dep_base_component_id_, createdatetime_, creator_ ) values ('101', 'af9ee12e23404593a63ba8a74506d789',  to_date('2016-03-25 15:59:52', 'yyyy-mm-dd hh24:mi:ss'), 'admin');
 insert into DEP_BASE_COMPSCOPE (dep_base_ui_id_, dep_base_component_id_, createdatetime_, creator_ ) values ('101', 'afb11baa198b4540ae0d6e150709aabe',  to_date('2016-07-11 14:53:27', 'yyyy-mm-dd hh24:mi:ss'), 'admin');
 insert into DEP_BASE_COMPSCOPE (dep_base_ui_id_, dep_base_component_id_, createdatetime_, creator_ ) values ('101', 'c6bc8b586e8e41d5932f815203981398',  to_date('2016-04-22 10:01:54', 'yyyy-mm-dd hh24:mi:ss'), 'admin');
 insert into DEP_BASE_COMPSCOPE (dep_base_ui_id_, dep_base_component_id_, createdatetime_, creator_ ) values ('101', 'ebce4859685944e5b615c9c7ce389543',  to_date('2016-08-09 14:13:40', 'yyyy-mm-dd hh24:mi:ss'), 'admin');
 insert into DEP_BASE_COMPSCOPE (dep_base_ui_id_, dep_base_component_id_, createdatetime_, creator_ ) values ('101', 'fb786d4f90354861b211468a25482876',  to_date('2016-04-01 16:51:22', 'yyyy-mm-dd hh24:mi:ss'), 'admin');
 insert into DEP_BASE_COMPSCOPE (dep_base_ui_id_, dep_base_component_id_, createdatetime_, creator_ ) values ('102', '7aa3a7aa155c47ef826275bb12adf447',  to_date('2016-04-05 09:40:31', 'yyyy-mm-dd hh24:mi:ss'), 'admin');
 insert into DEP_BASE_COMPSCOPE (dep_base_ui_id_, dep_base_component_id_, createdatetime_, creator_ ) values ('102', '8516d2c5b2724b80bb290cc7233bf670',  to_date('2016-04-05 09:40:57', 'yyyy-mm-dd hh24:mi:ss'), 'admin');
 insert into DEP_BASE_COMPSCOPE (dep_base_ui_id_, dep_base_component_id_, createdatetime_, creator_ ) values ('102', 'aaaaad9e351f4036bf7ef289208278d8',  to_date('2016-03-28 16:20:09', 'yyyy-mm-dd hh24:mi:ss'), 'admin');
 insert into DEP_BASE_COMPSCOPE (dep_base_ui_id_, dep_base_component_id_, createdatetime_, creator_ ) values ('3cc688a092cc4a38a8bdacb45f5c3b82', '8516d2c5b2724b80bb290cc7233bf670',  to_date('2016-04-05 09:40:57', 'yyyy-mm-dd hh24:mi:ss'), 'admin');
 insert into DEP_BASE_COMPSCOPE (dep_base_ui_id_, dep_base_component_id_, createdatetime_, creator_ ) values ('3cc688a092cc4a38a8bdacb45f5c3b82', 'aaaaad9e351f4036bf7ef289208278d8',  to_date('2016-03-28 16:20:09', 'yyyy-mm-dd hh24:mi:ss'), 'admin');
 insert into DEP_BASE_COMPSCOPE (dep_base_ui_id_, dep_base_component_id_, createdatetime_, creator_ ) values ('714e2ab1237c40fc9112911348888ece', '8516d2c5b2724b80bb290cc7233bf670',  to_date('2016-04-05 09:40:57', 'yyyy-mm-dd hh24:mi:ss'), 'admin');
 insert into DEP_BASE_COMPSCOPE (dep_base_ui_id_, dep_base_component_id_, createdatetime_, creator_ ) values ('714e2ab1237c40fc9112911348888ece', 'aaaaad9e351f4036bf7ef289208278d8',  to_date('2016-03-28 16:20:09', 'yyyy-mm-dd hh24:mi:ss'), 'admin');


 insert into DEP_BASE_PROP (ruleid_, createdatetime_, creator_, defaultval_, delflag_, extjson_, inputtype_, modifier_, modifydatetime_, notnull_, openflag_, orderno_, readonly_, repeatflag_, rulecode, ruledesc, rulename_, syscategory_, usecategory_ ) values ('0ac6f644e706417083cfa9659b34caa1',  to_date('2016-03-26 10:17:23', 'yyyy-mm-dd hh24:mi:ss'), 'admin', '', '0', '{"dataSource":"10","dataType":"string","extJsonCheck":true,"dictCode":"dType"}', 'combobox', 'admin',  to_date('2016-04-01 17:42:18', 'yyyy-mm-dd hh24:mi:ss'), '0', '0', 7, '0', '1', 'A001-3-001', '', '数据类型', '', '');
 insert into DEP_BASE_PROP (ruleid_, createdatetime_, creator_, defaultval_, delflag_, extjson_, inputtype_, modifier_, modifydatetime_, notnull_, openflag_, orderno_, readonly_, repeatflag_, rulecode, ruledesc, rulename_, syscategory_, usecategory_ ) values ('11dd4bc4e6474f039b8f7b49c0f45120',  to_date('2016-07-08 14:45:15', 'yyyy-mm-dd hh24:mi:ss'), 'admin', '', '0', '{"customAttr":{"pageurl":"/mx/form/defined/ex/customDatas","pageid":"/mx/form/defined/ex/customDatas"},"extJsonCheck":true,"dataType":"string"}', 'openWinSelect', 'admin',  to_date('2016-07-14 13:57:43', 'yyyy-mm-dd hh24:mi:ss'), '1', '1', 38, '1', '1', 'A001-7-001', '', '自定义数据源', '', '');
 insert into DEP_BASE_PROP (ruleid_, createdatetime_, creator_, defaultval_, delflag_, extjson_, inputtype_, modifier_, modifydatetime_, notnull_, openflag_, orderno_, readonly_, repeatflag_, rulecode, ruledesc, rulename_, syscategory_, usecategory_ ) values ('15bf6c8fd5de418fbb70b82129f9320e',  to_date('2016-04-15 14:11:14', 'yyyy-mm-dd hh24:mi:ss'), 'admin', '', '0', '{"dataType":"string","pageName":"签名","customAttr":{"isHidden":true},"extJsonCheck":true,"pageUrl":"/mx/form/page/viewPage?id=c9e94befb4ba4d7ab9a6925921eeb966","pageId":"c9e94befb4ba4d7ab9a6925921eeb966","commonRule":true}', 'openWinSelect', 'admin',  to_date('2016-04-15 16:00:00', 'yyyy-mm-dd hh24:mi:ss'), '1', '1', 32, '1', '1', 'sign-001', '', '签名盖章', '', '');
 insert into DEP_BASE_PROP (ruleid_, createdatetime_, creator_, defaultval_, delflag_, extjson_, inputtype_, modifier_, modifydatetime_, notnull_, openflag_, orderno_, readonly_, repeatflag_, rulecode, ruledesc, rulename_, syscategory_, usecategory_ ) values ('1a3c0506f8a04974acf69c14b3fe8e21',  to_date('2016-08-10 15:57:03', 'yyyy-mm-dd hh24:mi:ss'), 'admin', '5', '0', '{"extJsonCheck":false}', 'textbox', 'admin',  to_date('2016-08-10 15:57:35', 'yyyy-mm-dd hh24:mi:ss'), '1', '1', 40, '1', '1', 'A001-3-009', '', '附件大小(M)', '', '');
 insert into DEP_BASE_PROP (ruleid_, createdatetime_, creator_, defaultval_, delflag_, extjson_, inputtype_, modifier_, modifydatetime_, notnull_, openflag_, orderno_, readonly_, repeatflag_, rulecode, ruledesc, rulename_, syscategory_, usecategory_ ) values ('2863e8b00dec4180b869d0a3d0ea56b4',  to_date('2016-03-26 10:57:40', 'yyyy-mm-dd hh24:mi:ss'), 'admin', '', '0', '{"extJsonCheck":false}', 'combobox', 'admin',  to_date('2016-04-01 17:43:01', 'yyyy-mm-dd hh24:mi:ss'), '0', '0', 27, '0', '1', 'A001-5-005', '', '引值设置', '', '');
 insert into DEP_BASE_PROP (ruleid_, createdatetime_, creator_, defaultval_, delflag_, extjson_, inputtype_, modifier_, modifydatetime_, notnull_, openflag_, orderno_, readonly_, repeatflag_, rulecode, ruledesc, rulename_, syscategory_, usecategory_ ) values ('2a85f23a70e042f89e07230a56015752',  to_date('2016-03-26 10:53:28', 'yyyy-mm-dd hh24:mi:ss'), 'admin', '', '0', '{"dataType":"string","pageName":"报表测试","extJsonCheck":true,"pageUrl":"/mx/form/page/viewPage?id=429939825acf4b418dda8dd8a29d09df","pageId":"429939825acf4b418dda8dd8a29d09df"}', 'openWinSelect', 'admin',  to_date('2016-03-31 12:48:48', 'yyyy-mm-dd hh24:mi:ss'), '0', '0', 22, '0', '1', 'A001-2-008', '', '引审核公式', '', '');
 insert into DEP_BASE_PROP (ruleid_, createdatetime_, creator_, defaultval_, delflag_, extjson_, inputtype_, modifier_, modifydatetime_, notnull_, openflag_, orderno_, readonly_, repeatflag_, rulecode, ruledesc, rulename_, syscategory_, usecategory_ ) values ('304a81fad91c44a0b01c119aa16d09a1',  to_date('2016-03-26 10:39:52', 'yyyy-mm-dd hh24:mi:ss'), 'admin', '2', '0', '{"extJsonCheck":false}', 'textbox', 'admin',  to_date('2016-03-31 16:06:18', 'yyyy-mm-dd hh24:mi:ss'), '0', '0', 9, '0', '1', 'A001-3-003', '', '小数位', '', '');
 insert into DEP_BASE_PROP (ruleid_, createdatetime_, creator_, defaultval_, delflag_, extjson_, inputtype_, modifier_, modifydatetime_, notnull_, openflag_, orderno_, readonly_, repeatflag_, rulecode, ruledesc, rulename_, syscategory_, usecategory_ ) values ('3889a5e5c0b54411bb657f67d293b52f',  to_date('2016-04-25 16:38:23', 'yyyy-mm-dd hh24:mi:ss'), 'admin', '', '0', '{"customAttr":{"isHidden":true},"extJsonCheck":true,"dataType":"string","pageUrl":"/mx/form/page/viewPage?id=41c2f9a421e34e6d8fce218e2a57b5ee","pageId":"41c2f9a421e34e6d8fce218e2a57b5ee","pageName":"引用数据","commonRule":true}', 'openWinSelect', 'admin',  to_date('2016-06-28 10:43:14', 'yyyy-mm-dd hh24:mi:ss'), '0', '1', 33, '0', '1', 'args_data-001', '', '数据引用', '', '');
 insert into DEP_BASE_PROP (ruleid_, createdatetime_, creator_, defaultval_, delflag_, extjson_, inputtype_, modifier_, modifydatetime_, notnull_, openflag_, orderno_, readonly_, repeatflag_, rulecode, ruledesc, rulename_, syscategory_, usecategory_ ) values ('3d1a1a5747ad4f2fb7c52c44075c8dc5',  to_date('2016-03-26 10:06:29', 'yyyy-mm-dd hh24:mi:ss'), 'admin', '', '0', '{"dataType":"string","pageName":"spread_引用工程信息","extJsonCheck":true,"pageUrl":"/mx/form/page/viewPage?id=e0b851f6250d4457872e2f9a621132c5","pageId":"e0b851f6250d4457872e2f9a621132c5"}', 'openWinSelect', 'admin',  to_date('2016-05-20 17:01:12', 'yyyy-mm-dd hh24:mi:ss'), '0', '0', 3, '0', '1', 'A001-2-003', '', '引工程信息', '', '');
 insert into DEP_BASE_PROP (ruleid_, createdatetime_, creator_, defaultval_, delflag_, extjson_, inputtype_, modifier_, modifydatetime_, notnull_, openflag_, orderno_, readonly_, repeatflag_, rulecode, ruledesc, rulename_, syscategory_, usecategory_ ) values ('4045d2dd7c0e44efb410720614fdafe9',  to_date('2016-03-26 10:05:12', 'yyyy-mm-dd hh24:mi:ss'), 'admin', '', '0', '{"dataType":"string","pageName":"spreadjs_引基础数据","extJsonCheck":true,"pageUrl":"/mx/form/page/viewPage?id=8d234618a78f479799b71682a88c4f97","pageId":"8d234618a78f479799b71682a88c4f97"}', 'openWinSelect', 'admin',  to_date('2016-05-20 18:20:32', 'yyyy-mm-dd hh24:mi:ss'), '0', '0', 1, '0', '1', 'A001-2-001', '', '引基础数据', '', '');
 insert into DEP_BASE_PROP (ruleid_, createdatetime_, creator_, defaultval_, delflag_, extjson_, inputtype_, modifier_, modifydatetime_, notnull_, openflag_, orderno_, readonly_, repeatflag_, rulecode, ruledesc, rulename_, syscategory_, usecategory_ ) values ('42b540eaeb174cc5aa584558df99234c',  to_date('2016-03-26 10:54:27', 'yyyy-mm-dd hh24:mi:ss'), 'admin', '', '0', '{"extJsonCheck":false}', 'checkbox', 'admin',  to_date('2016-03-31 12:42:44', 'yyyy-mm-dd hh24:mi:ss'), '0', '0', 24, '0', '1', 'A001-5-002', '', '打印空模板', '', '');
 insert into DEP_BASE_PROP (ruleid_, createdatetime_, creator_, defaultval_, delflag_, extjson_, inputtype_, modifier_, modifydatetime_, notnull_, openflag_, orderno_, readonly_, repeatflag_, rulecode, ruledesc, rulename_, syscategory_, usecategory_ ) values ('526c85c1f81a4dcb8b74fc5ebe70d998',  to_date('2016-03-26 10:38:37', 'yyyy-mm-dd hh24:mi:ss'), 'admin', '50', '0', '{"dataType":"i4","extJsonCheck":true}', 'textbox', 'admin',  to_date('2016-03-31 16:06:12', 'yyyy-mm-dd hh24:mi:ss'), '0', '0', 8, '0', '1', 'A001-3-002', '', '长度', '', '');
 insert into DEP_BASE_PROP (ruleid_, createdatetime_, creator_, defaultval_, delflag_, extjson_, inputtype_, modifier_, modifydatetime_, notnull_, openflag_, orderno_, readonly_, repeatflag_, rulecode, ruledesc, rulename_, syscategory_, usecategory_ ) values ('528b9ada65a24a559b9fe2d13628f448',  to_date('2016-03-26 10:53:52', 'yyyy-mm-dd hh24:mi:ss'), 'admin', '', '0', '{"dataType":"string","pageName":"个人基本信息列表","extJsonCheck":true,"pageUrl":"/mx/form/page/viewPage?id=c4757e1a28074477be1d317c83f4b766","pageId":"c4757e1a28074477be1d317c83f4b766"}', 'openWinSelect', 'admin',  to_date('2016-03-31 12:49:06', 'yyyy-mm-dd hh24:mi:ss'), '0', '0', 23, '0', '1', 'A001-2-009', '', '引审核参数', '', '');
 insert into DEP_BASE_PROP (ruleid_, createdatetime_, creator_, defaultval_, delflag_, extjson_, inputtype_, modifier_, modifydatetime_, notnull_, openflag_, orderno_, readonly_, repeatflag_, rulecode, ruledesc, rulename_, syscategory_, usecategory_ ) values ('5755fe7d28bd4fc3a0c6cd8fcecb6adb',  to_date('2016-03-26 10:52:00', 'yyyy-mm-dd hh24:mi:ss'), 'admin', '', '0', '{"dataType":"string","pageName":"spread_引工程规范","extJsonCheck":true,"pageUrl":"/mx/form/page/viewPage?id=ae9d88fb0a1a4c399b80077993c69dde","pageId":"ae9d88fb0a1a4c399b80077993c69dde"}', 'openWinSelect', 'admin',  to_date('2016-05-20 16:10:07', 'yyyy-mm-dd hh24:mi:ss'), '0', '0', 19, '0', '1', 'A001-2-005', '', '引用规范', '', '');
 insert into DEP_BASE_PROP (ruleid_, createdatetime_, creator_, defaultval_, delflag_, extjson_, inputtype_, modifier_, modifydatetime_, notnull_, openflag_, orderno_, readonly_, repeatflag_, rulecode, ruledesc, rulename_, syscategory_, usecategory_ ) values ('5d5ae66bc360498ca9744a156a1386e9',  to_date('2016-05-24 12:09:04', 'yyyy-mm-dd hh24:mi:ss'), 'admin', '', '0', '{"dataType":"string","pageName":"输入形参定义","extJsonCheck":true,"pageUrl":"/mx/form/defined/param/paramDefined","pageId":"/mx/form/defined/param/paramDefined","commonRule":true}', 'openWinSelect', 'admin',  to_date('2016-05-24 12:11:08', 'yyyy-mm-dd hh24:mi:ss'), '1', '1', 37, '1', '1', 'A001-6-001', '', '输入形参定义', '', '');
 insert into DEP_BASE_PROP (ruleid_, createdatetime_, creator_, defaultval_, delflag_, extjson_, inputtype_, modifier_, modifydatetime_, notnull_, openflag_, orderno_, readonly_, repeatflag_, rulecode, ruledesc, rulename_, syscategory_, usecategory_ ) values ('5d6e7f2d67d24f1ea9c6886e169a97ff',  to_date('2016-07-09 14:33:30', 'yyyy-mm-dd hh24:mi:ss'), 'admin', '', '0', '{"customAttr":{"pageurl":"/mx/image/choose?fn=selectIconFunc","pageid":"/mx/image/choose?fn=selectIconFunc"},"extJsonCheck":true,"dataType":"string"}', 'openWinSelect', 'admin',  to_date('2016-07-09 14:40:40', 'yyyy-mm-dd hh24:mi:ss'), '1', '1', 39, '1', '1', 'A001-7-002', '', '图片数据源', '', '');
 insert into DEP_BASE_PROP (ruleid_, createdatetime_, creator_, defaultval_, delflag_, extjson_, inputtype_, modifier_, modifydatetime_, notnull_, openflag_, orderno_, readonly_, repeatflag_, rulecode, ruledesc, rulename_, syscategory_, usecategory_ ) values ('61c5cacbb4b64540a72ef0a5cd0ce867',  to_date('2016-03-26 10:52:39', 'yyyy-mm-dd hh24:mi:ss'), 'admin', '', '0', '{"dataType":"string","pageName":"spreadjs_字典数据","extJsonCheck":true,"pageUrl":"/mx/form/page/viewPage?id=b23f65d9ef28456bb74a47d782b5cb3d","pageId":"b23f65d9ef28456bb74a47d782b5cb3d"}', 'openWinSelect', 'admin',  to_date('2016-05-04 15:47:16', 'yyyy-mm-dd hh24:mi:ss'), '0', '0', 20, '0', '1', 'A001-2-006', '', '引字典表', '', '');
 insert into DEP_BASE_PROP (ruleid_, createdatetime_, creator_, defaultval_, delflag_, extjson_, inputtype_, modifier_, modifydatetime_, notnull_, openflag_, orderno_, readonly_, repeatflag_, rulecode, ruledesc, rulename_, syscategory_, usecategory_ ) values ('61cb2a8bafa9400a8cf7b9f4dc43bedc',  to_date('2016-03-26 10:49:40', 'yyyy-mm-dd hh24:mi:ss'), 'admin', '', '0', '{"dataSource":"10","dataType":"string","extJsonCheck":true,"dictCode":"verticalAlign","commonRule":true}', 'combobox', 'admin',  to_date('2016-04-01 17:42:37', 'yyyy-mm-dd hh24:mi:ss'), '0', '0', 17, '0', '1', 'A001-4-003', '', '垂直对齐', '', '');
 insert into DEP_BASE_PROP (ruleid_, createdatetime_, creator_, defaultval_, delflag_, extjson_, inputtype_, modifier_, modifydatetime_, notnull_, openflag_, orderno_, readonly_, repeatflag_, rulecode, ruledesc, rulename_, syscategory_, usecategory_ ) values ('66f25685ba6a411e8a7ab52b0f4e21d3',  to_date('2016-04-01 14:59:34', 'yyyy-mm-dd hh24:mi:ss'), 'admin', '', '0', '{"dataType":"string","pageName":"spreadjs_业务数据表","extJsonCheck":true,"pageUrl":"/mx/form/page/viewPage?id=9a50ee0d197e445ea20d5b83be7872e2","pageId":"9a50ee0d197e445ea20d5b83be7872e2","commonRule":true}', 'openWinSelect', 'admin',  to_date('2016-05-20 18:17:31', 'yyyy-mm-dd hh24:mi:ss'), '0', '0', 31, '0', '1', 'A004-1-001', '', '引用数据表', '', '');
 insert into DEP_BASE_PROP (ruleid_, createdatetime_, creator_, defaultval_, delflag_, extjson_, inputtype_, modifier_, modifydatetime_, notnull_, openflag_, orderno_, readonly_, repeatflag_, rulecode, ruledesc, rulename_, syscategory_, usecategory_ ) values ('70cffc2e88f54989924c14d672cf73c9',  to_date('2016-03-26 10:53:04', 'yyyy-mm-dd hh24:mi:ss'), 'admin', '', '0', '{"dataType":"string","pageName":"123","extJsonCheck":true,"pageUrl":"/mx/form/page/viewPage?id=08c5b2d4872e49e3ae1d5cd4f25b298c","pageId":"08c5b2d4872e49e3ae1d5cd4f25b298c"}', 'openWinSelect', 'admin',  to_date('2016-03-31 12:48:34', 'yyyy-mm-dd hh24:mi:ss'), '0', '0', 21, '0', '1', 'A001-2-007', '', '引计算公式', '', '');
 insert into DEP_BASE_PROP (ruleid_, createdatetime_, creator_, defaultval_, delflag_, extjson_, inputtype_, modifier_, modifydatetime_, notnull_, openflag_, orderno_, readonly_, repeatflag_, rulecode, ruledesc, rulename_, syscategory_, usecategory_ ) values ('72916ca7b6a74e089818e69c08c3781f',  to_date('2016-05-13 16:36:58', 'yyyy-mm-dd hh24:mi:ss'), 'admin', '', '0', '{"dataType":"string","pageName":"输入形参定义","extJsonCheck":true,"pageUrl":"/mx/form/defined/param/paramDefined","pageId":"/mx/form/defined/param/paramDefined","commonRule":true}', 'openWinSelect', 'admin',  to_date('2016-05-13 17:00:07', 'yyyy-mm-dd hh24:mi:ss'), '0', '1', 36, '0', '1', 'A000-1-1-003', '输入形参定义', '输入形参定义', '', '');
 insert into DEP_BASE_PROP (ruleid_, createdatetime_, creator_, defaultval_, delflag_, extjson_, inputtype_, modifier_, modifydatetime_, notnull_, openflag_, orderno_, readonly_, repeatflag_, rulecode, ruledesc, rulename_, syscategory_, usecategory_ ) values ('732a89837035496082c714aa55445e3a',  to_date('2016-03-26 10:42:44', 'yyyy-mm-dd hh24:mi:ss'), 'admin', '', '0', '{"labelText":"必录项","dataType":"string","extJsonCheck":true}', 'checkbox', 'admin',  to_date('2016-03-31 16:06:25', 'yyyy-mm-dd hh24:mi:ss'), '0', '0', 10, '0', '1', 'A001-3-004', '', '必录项', '', '');
 insert into DEP_BASE_PROP (ruleid_, createdatetime_, creator_, defaultval_, delflag_, extjson_, inputtype_, modifier_, modifydatetime_, notnull_, openflag_, orderno_, readonly_, repeatflag_, rulecode, ruledesc, rulename_, syscategory_, usecategory_ ) values ('7d24c5d9f54b4fb1bc9191423d1be52c',  to_date('2016-03-26 10:45:58', 'yyyy-mm-dd hh24:mi:ss'), 'admin', '', '0', '{"extJsonCheck":false}', 'checkbox', 'admin',  to_date('2016-03-31 16:06:42', 'yyyy-mm-dd hh24:mi:ss'), '0', '0', 12, '0', '1', 'A001-3-006', '', '计算公式', '', '');
 insert into DEP_BASE_PROP (ruleid_, createdatetime_, creator_, defaultval_, delflag_, extjson_, inputtype_, modifier_, modifydatetime_, notnull_, openflag_, orderno_, readonly_, repeatflag_, rulecode, ruledesc, rulename_, syscategory_, usecategory_ ) values ('92c0a70c7d1c427fa23305616dcb51a7',  to_date('2016-03-26 10:46:46', 'yyyy-mm-dd hh24:mi:ss'), 'admin', '', '0', '{"extJsonCheck":false}', 'checkbox', 'admin',  to_date('2016-03-31 16:06:48', 'yyyy-mm-dd hh24:mi:ss'), '0', '0', 13, '0', '1', 'A001-3-007', '', '是否从表', '', '');
 insert into DEP_BASE_PROP (ruleid_, createdatetime_, creator_, defaultval_, delflag_, extjson_, inputtype_, modifier_, modifydatetime_, notnull_, openflag_, orderno_, readonly_, repeatflag_, rulecode, ruledesc, rulename_, syscategory_, usecategory_ ) values ('9665da789970466dbfbb673e14159051',  to_date('2016-03-30 10:49:20', 'yyyy-mm-dd hh24:mi:ss'), 'admin', '', '0', '{"dataType":"string","extJsonCheck":true,"commonRule":true}', 'textbox', 'admin',  to_date('2016-03-31 12:05:55', 'yyyy-mm-dd hh24:mi:ss'), '1', '0', 30, '1', '1', 'A001-1-004', '', '位置信息', '', '');
 insert into DEP_BASE_PROP (ruleid_, createdatetime_, creator_, defaultval_, delflag_, extjson_, inputtype_, modifier_, modifydatetime_, notnull_, openflag_, orderno_, readonly_, repeatflag_, rulecode, ruledesc, rulename_, syscategory_, usecategory_ ) values ('9c58e208bd3c4e9da4372fb861567d08',  to_date('2016-03-26 10:58:04', 'yyyy-mm-dd hh24:mi:ss'), 'admin', '', '0', '{"extJsonCheck":false}', 'textbox', 'admin',  to_date('2016-03-31 12:43:16', 'yyyy-mm-dd hh24:mi:ss'), '0', '0', 28, '0', '1', 'A001-5-006', '', '加入批注', '', '');
 insert into DEP_BASE_PROP (ruleid_, createdatetime_, creator_, defaultval_, delflag_, extjson_, inputtype_, modifier_, modifydatetime_, notnull_, openflag_, orderno_, readonly_, repeatflag_, rulecode, ruledesc, rulename_, syscategory_, usecategory_ ) values ('a55abd9e357d419f9bdc9b169f75cf88',  to_date('2016-03-26 10:55:43', 'yyyy-mm-dd hh24:mi:ss'), 'admin', '', '0', '{"extJsonCheck":false}', 'checkbox', 'admin',  to_date('2016-03-31 12:42:53', 'yyyy-mm-dd hh24:mi:ss'), '0', '0', 25, '0', '1', 'A001-5-003', '', '显示数据', '', '');
 insert into DEP_BASE_PROP (ruleid_, createdatetime_, creator_, defaultval_, delflag_, extjson_, inputtype_, modifier_, modifydatetime_, notnull_, openflag_, orderno_, readonly_, repeatflag_, rulecode, ruledesc, rulename_, syscategory_, usecategory_ ) values ('c4a95ef0e6894c9491604c0401473e18',  to_date('2016-03-26 10:43:40', 'yyyy-mm-dd hh24:mi:ss'), 'admin', '', '0', '{"dataType":"string","extJsonCheck":true}', 'textbox', 'admin',  to_date('2016-03-31 16:06:36', 'yyyy-mm-dd hh24:mi:ss'), '0', '0', 11, '0', '1', 'A001-3-005', '', '默认值', '', '');
 insert into DEP_BASE_PROP (ruleid_, createdatetime_, creator_, defaultval_, delflag_, extjson_, inputtype_, modifier_, modifydatetime_, notnull_, openflag_, orderno_, readonly_, repeatflag_, rulecode, ruledesc, rulename_, syscategory_, usecategory_ ) values ('c4d27305d130416783d8a8683c4def92',  to_date('2016-03-26 10:08:58', 'yyyy-mm-dd hh24:mi:ss'), 'admin', '', '0', '{"dataSource":"10","dataType":"string","customAttr":{"onchange":"javascript:changeCellType(this)"},"extJsonCheck":true,"dictCode":"cell_ui_mapping","commonRule":true}', 'combobox', 'admin',  to_date('2016-04-01 17:41:59', 'yyyy-mm-dd hh24:mi:ss'), '0', '0', 5, '0', '1', 'A001-1-001', '', '表元类型', '', '');
 insert into DEP_BASE_PROP (ruleid_, createdatetime_, creator_, defaultval_, delflag_, extjson_, inputtype_, modifier_, modifydatetime_, notnull_, openflag_, orderno_, readonly_, repeatflag_, rulecode, ruledesc, rulename_, syscategory_, usecategory_ ) values ('c7e3c6de2fa44d77a243835bce179dec',  to_date('2016-05-13 16:20:14', 'yyyy-mm-dd hh24:mi:ss'), 'admin', '', '0', '{"dataType":"string","pageName":"输入输出参数关系定义","extJsonCheck":true,"pageUrl":"/mx/form/defined/param/outInParam","pageId":"/mx/form/defined/param/outInParam","commonRule":true}', 'openWinSelect', 'admin',  to_date('2016-05-13 16:46:55', 'yyyy-mm-dd hh24:mi:ss'), '0', '1', 34, '0', '1', 'A000-1-1-001', '输入输出参数关系定义', '输入输出参数', '', '');
 insert into DEP_BASE_PROP (ruleid_, createdatetime_, creator_, defaultval_, delflag_, extjson_, inputtype_, modifier_, modifydatetime_, notnull_, openflag_, orderno_, readonly_, repeatflag_, rulecode, ruledesc, rulename_, syscategory_, usecategory_ ) values ('c87da1fb65a74de3aafa756b37f9d379',  to_date('2016-03-26 10:48:20', 'yyyy-mm-dd hh24:mi:ss'), 'admin', '', '0', '{"dataType":"string","extJsonCheck":true,"commonRule":true}', 'textbox', 'admin',  to_date('2016-05-20 16:01:14', 'yyyy-mm-dd hh24:mi:ss'), '0', '0', 15, '0', '1', 'A001-4-001', '', '字体', '', '');
 insert into DEP_BASE_PROP (ruleid_, createdatetime_, creator_, defaultval_, delflag_, extjson_, inputtype_, modifier_, modifydatetime_, notnull_, openflag_, orderno_, readonly_, repeatflag_, rulecode, ruledesc, rulename_, syscategory_, usecategory_ ) values ('c951dc1643cc4b6b9208d7b17ec8fd9a',  to_date('2016-03-26 10:47:24', 'yyyy-mm-dd hh24:mi:ss'), 'admin', '', '0', '{"extJsonCheck":false}', 'checkbox', 'admin',  to_date('2016-03-31 16:06:54', 'yyyy-mm-dd hh24:mi:ss'), '0', '0', 14, '0', '1', 'A001-3-008', '', '唯一检验', '', '');
 insert into DEP_BASE_PROP (ruleid_, createdatetime_, creator_, defaultval_, delflag_, extjson_, inputtype_, modifier_, modifydatetime_, notnull_, openflag_, orderno_, readonly_, repeatflag_, rulecode, ruledesc, rulename_, syscategory_, usecategory_ ) values ('cb43f993f88b4da29635ea190f52f021',  to_date('2016-03-26 10:08:22', 'yyyy-mm-dd hh24:mi:ss'), 'admin', '', '0', '{"dataType":"string","pageName":"spread_引用分类","extJsonCheck":true,"pageUrl":"/mx/form/page/viewPage?id=2b43dd2f4cf84aa8b8f156cb5e297f81","pageId":"2b43dd2f4cf84aa8b8f156cb5e297f81"}', 'openWinSelect', 'admin',  to_date('2016-05-17 18:45:09', 'yyyy-mm-dd hh24:mi:ss'), '0', '0', 4, '0', '1', 'A001-2-004', '', '引用分类', '', '');
 insert into DEP_BASE_PROP (ruleid_, createdatetime_, creator_, defaultval_, delflag_, extjson_, inputtype_, modifier_, modifydatetime_, notnull_, openflag_, orderno_, readonly_, repeatflag_, rulecode, ruledesc, rulename_, syscategory_, usecategory_ ) values ('d485c89e57d748e2a85502977faf92cc',  to_date('2016-03-26 10:51:09', 'yyyy-mm-dd hh24:mi:ss'), 'admin', '', '0', '{"extJsonCheck":false}', 'textbox', 'admin',  to_date('2016-03-31 17:47:03', 'yyyy-mm-dd hh24:mi:ss'), '0', '0', 18, '0', '1', 'A001-5-001', '', '摘抄内容', '', '');
 insert into DEP_BASE_PROP (ruleid_, createdatetime_, creator_, defaultval_, delflag_, extjson_, inputtype_, modifier_, modifydatetime_, notnull_, openflag_, orderno_, readonly_, repeatflag_, rulecode, ruledesc, rulename_, syscategory_, usecategory_ ) values ('d87bba605b914c2298babdfc759fc56d',  to_date('2016-03-28 16:00:54', 'yyyy-mm-dd hh24:mi:ss'), 'admin', '', '0', '{"dataType":"string","extJsonCheck":true,"commonRule":true}', 'textbox', 'admin',  to_date('2016-03-31 16:05:46', 'yyyy-mm-dd hh24:mi:ss'), '1', '0', 29, '1', '1', 'A001-1-003', '', '单元编号', '', '');
 insert into DEP_BASE_PROP (ruleid_, createdatetime_, creator_, defaultval_, delflag_, extjson_, inputtype_, modifier_, modifydatetime_, notnull_, openflag_, orderno_, readonly_, repeatflag_, rulecode, ruledesc, rulename_, syscategory_, usecategory_ ) values ('e520fc12d4f846d2bdf91d036d7498c0',  to_date('2016-03-26 10:10:26', 'yyyy-mm-dd hh24:mi:ss'), 'admin', '', '0', '{"dataType":"string","extJsonCheck":true,"commonRule":true}', 'textbox', 'admin',  to_date('2016-03-31 16:05:40', 'yyyy-mm-dd hh24:mi:ss'), '0', '0', 6, '0', '1', 'A001-1-002', '', '名称', '', '');
 insert into DEP_BASE_PROP (ruleid_, createdatetime_, creator_, defaultval_, delflag_, extjson_, inputtype_, modifier_, modifydatetime_, notnull_, openflag_, orderno_, readonly_, repeatflag_, rulecode, ruledesc, rulename_, syscategory_, usecategory_ ) values ('ec9c777d5ac049ebb5ee03da8d41c404',  to_date('2016-03-26 10:57:10', 'yyyy-mm-dd hh24:mi:ss'), 'admin', '', '0', '{"extJsonCheck":false}', 'checkbox', 'admin',  to_date('2016-03-31 12:43:02', 'yyyy-mm-dd hh24:mi:ss'), '0', '0', 26, '0', '1', 'A001-5-004', '', '数据修约', '', '');
 insert into DEP_BASE_PROP (ruleid_, createdatetime_, creator_, defaultval_, delflag_, extjson_, inputtype_, modifier_, modifydatetime_, notnull_, openflag_, orderno_, readonly_, repeatflag_, rulecode, ruledesc, rulename_, syscategory_, usecategory_ ) values ('f8674075f8304cc78a99669bd4af2cfe',  to_date('2016-05-13 16:36:29', 'yyyy-mm-dd hh24:mi:ss'), 'admin', '', '0', '{"dataType":"string","pageName":"输入表达式定义","extJsonCheck":true,"pageUrl":"/mx/form/defined/param/inparam","pageId":"/mx/form/defined/param/inparam","commonRule":true}', 'openWinSelect', 'admin',  to_date('2016-05-13 17:00:00', 'yyyy-mm-dd hh24:mi:ss'), '0', '1', 35, '0', '1', 'A000-1-1-002', '输入表达式定义', '输入表达式定义', '', '');
 insert into DEP_BASE_PROP (ruleid_, createdatetime_, creator_, defaultval_, delflag_, extjson_, inputtype_, modifier_, modifydatetime_, notnull_, openflag_, orderno_, readonly_, repeatflag_, rulecode, ruledesc, rulename_, syscategory_, usecategory_ ) values ('f96e3923421240caaa514ab7bb92bb3f',  to_date('2016-03-26 10:05:46', 'yyyy-mm-dd hh24:mi:ss'), 'admin', '', '0', '{"dataType":"string","pageName":"spread_引用其他数据","extJsonCheck":true,"pageUrl":"/mx/form/page/viewPage?id=608e75d0797944e7837aa23616e65d82","pageId":"608e75d0797944e7837aa23616e65d82"}', 'openWinSelect', 'admin',  to_date('2016-05-17 11:39:03', 'yyyy-mm-dd hh24:mi:ss'), '0', '0', 2, '0', '1', 'A001-2-002', '', '引其他数据', '', '');
 insert into DEP_BASE_PROP (ruleid_, createdatetime_, creator_, defaultval_, delflag_, extjson_, inputtype_, modifier_, modifydatetime_, notnull_, openflag_, orderno_, readonly_, repeatflag_, rulecode, ruledesc, rulename_, syscategory_, usecategory_ ) values ('fa928767cb2c440497a1b60b44d22fd1',  to_date('2016-03-26 10:49:12', 'yyyy-mm-dd hh24:mi:ss'), 'admin', '', '0', '{"dataSource":"10","dataType":"string","extJsonCheck":true,"dictCode":"alignment","commonRule":true}', 'combobox', 'admin',  to_date('2016-04-01 17:42:31', 'yyyy-mm-dd hh24:mi:ss'), '0', '0', 16, '0', '1', 'A001-4-002', '', '水平对齐', '', '');


 insert into DEP_BASE_PROPCATEGORY (ruleid_, dep_base_category_id_ ) values ('0ac6f644e706417083cfa9659b34caa1', 410);
 insert into DEP_BASE_PROPCATEGORY (ruleid_, dep_base_category_id_ ) values ('11dd4bc4e6474f039b8f7b49c0f45120', 1701);
 insert into DEP_BASE_PROPCATEGORY (ruleid_, dep_base_category_id_ ) values ('15bf6c8fd5de418fbb70b82129f9320e', 507);
 insert into DEP_BASE_PROPCATEGORY (ruleid_, dep_base_category_id_ ) values ('1a3c0506f8a04974acf69c14b3fe8e21', 410);
 insert into DEP_BASE_PROPCATEGORY (ruleid_, dep_base_category_id_ ) values ('2863e8b00dec4180b869d0a3d0ea56b4', 412);
 insert into DEP_BASE_PROPCATEGORY (ruleid_, dep_base_category_id_ ) values ('2a85f23a70e042f89e07230a56015752', 409);
 insert into DEP_BASE_PROPCATEGORY (ruleid_, dep_base_category_id_ ) values ('304a81fad91c44a0b01c119aa16d09a1', 410);
 insert into DEP_BASE_PROPCATEGORY (ruleid_, dep_base_category_id_ ) values ('3889a5e5c0b54411bb657f67d293b52f', 502);
 insert into DEP_BASE_PROPCATEGORY (ruleid_, dep_base_category_id_ ) values ('3d1a1a5747ad4f2fb7c52c44075c8dc5', 409);
 insert into DEP_BASE_PROPCATEGORY (ruleid_, dep_base_category_id_ ) values ('4045d2dd7c0e44efb410720614fdafe9', 409);
 insert into DEP_BASE_PROPCATEGORY (ruleid_, dep_base_category_id_ ) values ('42b540eaeb174cc5aa584558df99234c', 412);
 insert into DEP_BASE_PROPCATEGORY (ruleid_, dep_base_category_id_ ) values ('526c85c1f81a4dcb8b74fc5ebe70d998', 410);
 insert into DEP_BASE_PROPCATEGORY (ruleid_, dep_base_category_id_ ) values ('528b9ada65a24a559b9fe2d13628f448', 409);
 insert into DEP_BASE_PROPCATEGORY (ruleid_, dep_base_category_id_ ) values ('5755fe7d28bd4fc3a0c6cd8fcecb6adb', 409);
 insert into DEP_BASE_PROPCATEGORY (ruleid_, dep_base_category_id_ ) values ('5d5ae66bc360498ca9744a156a1386e9', 1601);
 insert into DEP_BASE_PROPCATEGORY (ruleid_, dep_base_category_id_ ) values ('5d6e7f2d67d24f1ea9c6886e169a97ff', 1701);
 insert into DEP_BASE_PROPCATEGORY (ruleid_, dep_base_category_id_ ) values ('61c5cacbb4b64540a72ef0a5cd0ce867', 409);
 insert into DEP_BASE_PROPCATEGORY (ruleid_, dep_base_category_id_ ) values ('61cb2a8bafa9400a8cf7b9f4dc43bedc', 411);
 insert into DEP_BASE_PROPCATEGORY (ruleid_, dep_base_category_id_ ) values ('668309c83546488f81607d5ac79f6ce7', 1401);
 insert into DEP_BASE_PROPCATEGORY (ruleid_, dep_base_category_id_ ) values ('66f25685ba6a411e8a7ab52b0f4e21d3', 501);
 insert into DEP_BASE_PROPCATEGORY (ruleid_, dep_base_category_id_ ) values ('70cffc2e88f54989924c14d672cf73c9', 409);
 insert into DEP_BASE_PROPCATEGORY (ruleid_, dep_base_category_id_ ) values ('72916ca7b6a74e089818e69c08c3781f', 1402);
 insert into DEP_BASE_PROPCATEGORY (ruleid_, dep_base_category_id_ ) values ('72916ca7b6a74e089818e69c08c3781f', 2206);
 insert into DEP_BASE_PROPCATEGORY (ruleid_, dep_base_category_id_ ) values ('72916ca7b6a74e089818e69c08c3781f', 2407);
 insert into DEP_BASE_PROPCATEGORY (ruleid_, dep_base_category_id_ ) values ('732a89837035496082c714aa55445e3a', 410);
 insert into DEP_BASE_PROPCATEGORY (ruleid_, dep_base_category_id_ ) values ('7d24c5d9f54b4fb1bc9191423d1be52c', 410);
 insert into DEP_BASE_PROPCATEGORY (ruleid_, dep_base_category_id_ ) values ('92c0a70c7d1c427fa23305616dcb51a7', 410);
 insert into DEP_BASE_PROPCATEGORY (ruleid_, dep_base_category_id_ ) values ('9665da789970466dbfbb673e14159051', 408);
 insert into DEP_BASE_PROPCATEGORY (ruleid_, dep_base_category_id_ ) values ('9665da789970466dbfbb673e14159051', 2001);
 insert into DEP_BASE_PROPCATEGORY (ruleid_, dep_base_category_id_ ) values ('9665da789970466dbfbb673e14159051', 2403);
 insert into DEP_BASE_PROPCATEGORY (ruleid_, dep_base_category_id_ ) values ('9c58e208bd3c4e9da4372fb861567d08', 412);
 insert into DEP_BASE_PROPCATEGORY (ruleid_, dep_base_category_id_ ) values ('a55abd9e357d419f9bdc9b169f75cf88', 412);
 insert into DEP_BASE_PROPCATEGORY (ruleid_, dep_base_category_id_ ) values ('c4a95ef0e6894c9491604c0401473e18', 410);
 insert into DEP_BASE_PROPCATEGORY (ruleid_, dep_base_category_id_ ) values ('c4d27305d130416783d8a8683c4def92', 408);
 insert into DEP_BASE_PROPCATEGORY (ruleid_, dep_base_category_id_ ) values ('c4d27305d130416783d8a8683c4def92', 2001);
 insert into DEP_BASE_PROPCATEGORY (ruleid_, dep_base_category_id_ ) values ('c4d27305d130416783d8a8683c4def92', 2403);
 insert into DEP_BASE_PROPCATEGORY (ruleid_, dep_base_category_id_ ) values ('c7e3c6de2fa44d77a243835bce179dec', 1402);
 insert into DEP_BASE_PROPCATEGORY (ruleid_, dep_base_category_id_ ) values ('c87da1fb65a74de3aafa756b37f9d379', 411);
 insert into DEP_BASE_PROPCATEGORY (ruleid_, dep_base_category_id_ ) values ('c951dc1643cc4b6b9208d7b17ec8fd9a', 410);
 insert into DEP_BASE_PROPCATEGORY (ruleid_, dep_base_category_id_ ) values ('cb43f993f88b4da29635ea190f52f021', 409);
 insert into DEP_BASE_PROPCATEGORY (ruleid_, dep_base_category_id_ ) values ('d485c89e57d748e2a85502977faf92cc', 412);
 insert into DEP_BASE_PROPCATEGORY (ruleid_, dep_base_category_id_ ) values ('d87bba605b914c2298babdfc759fc56d', 408);
 insert into DEP_BASE_PROPCATEGORY (ruleid_, dep_base_category_id_ ) values ('d87bba605b914c2298babdfc759fc56d', 2001);
 insert into DEP_BASE_PROPCATEGORY (ruleid_, dep_base_category_id_ ) values ('d87bba605b914c2298babdfc759fc56d', 2403);
 insert into DEP_BASE_PROPCATEGORY (ruleid_, dep_base_category_id_ ) values ('e520fc12d4f846d2bdf91d036d7498c0', 408);
 insert into DEP_BASE_PROPCATEGORY (ruleid_, dep_base_category_id_ ) values ('e520fc12d4f846d2bdf91d036d7498c0', 2001);
 insert into DEP_BASE_PROPCATEGORY (ruleid_, dep_base_category_id_ ) values ('e520fc12d4f846d2bdf91d036d7498c0', 2403);
 insert into DEP_BASE_PROPCATEGORY (ruleid_, dep_base_category_id_ ) values ('ec9c777d5ac049ebb5ee03da8d41c404', 412);
 insert into DEP_BASE_PROPCATEGORY (ruleid_, dep_base_category_id_ ) values ('f8674075f8304cc78a99669bd4af2cfe', 1402);
 insert into DEP_BASE_PROPCATEGORY (ruleid_, dep_base_category_id_ ) values ('f96e3923421240caaa514ab7bb92bb3f', 409);
 insert into DEP_BASE_PROPCATEGORY (ruleid_, dep_base_category_id_ ) values ('fa928767cb2c440497a1b60b44d22fd1', 411);




 insert into DEP_BASE_PROPSCOPE (ruleid_, dep_base_ui_id_, creator_, createdatetime_ ) values ('15bf6c8fd5de418fbb70b82129f9320e', 'bootstrap', 'admin',  to_date('2016-04-15 16:00:00', 'yyyy-mm-dd hh24:mi:ss'));
 insert into DEP_BASE_PROPSCOPE (ruleid_, dep_base_ui_id_, creator_, createdatetime_ ) values ('15bf6c8fd5de418fbb70b82129f9320e', 'easyui', 'admin',  to_date('2016-04-15 16:00:00', 'yyyy-mm-dd hh24:mi:ss'));
 insert into DEP_BASE_PROPSCOPE (ruleid_, dep_base_ui_id_, creator_, createdatetime_ ) values ('15bf6c8fd5de418fbb70b82129f9320e', 'extjs', 'admin',  to_date('2016-04-15 16:00:00', 'yyyy-mm-dd hh24:mi:ss'));
 insert into DEP_BASE_PROPSCOPE (ruleid_, dep_base_ui_id_, creator_, createdatetime_ ) values ('15bf6c8fd5de418fbb70b82129f9320e', 'kendoui', 'admin',  to_date('2016-04-15 16:00:00', 'yyyy-mm-dd hh24:mi:ss'));
 insert into DEP_BASE_PROPSCOPE (ruleid_, dep_base_ui_id_, creator_, createdatetime_ ) values ('3889a5e5c0b54411bb657f67d293b52f', 'bootstrap', 'admin',  to_date('2016-06-28 10:43:14', 'yyyy-mm-dd hh24:mi:ss'));
 insert into DEP_BASE_PROPSCOPE (ruleid_, dep_base_ui_id_, creator_, createdatetime_ ) values ('3889a5e5c0b54411bb657f67d293b52f', 'easyui', 'admin',  to_date('2016-06-28 10:43:14', 'yyyy-mm-dd hh24:mi:ss'));
 insert into DEP_BASE_PROPSCOPE (ruleid_, dep_base_ui_id_, creator_, createdatetime_ ) values ('3889a5e5c0b54411bb657f67d293b52f', 'extjs', 'admin',  to_date('2016-06-28 10:43:14', 'yyyy-mm-dd hh24:mi:ss'));
 insert into DEP_BASE_PROPSCOPE (ruleid_, dep_base_ui_id_, creator_, createdatetime_ ) values ('3889a5e5c0b54411bb657f67d293b52f', 'kendoui', 'admin',  to_date('2016-06-28 10:43:14', 'yyyy-mm-dd hh24:mi:ss'));
 insert into DEP_BASE_PROPSCOPE (ruleid_, dep_base_ui_id_, creator_, createdatetime_ ) values ('72916ca7b6a74e089818e69c08c3781f', 'bootstrap', 'admin',  to_date('2016-05-13 17:00:07', 'yyyy-mm-dd hh24:mi:ss'));
 insert into DEP_BASE_PROPSCOPE (ruleid_, dep_base_ui_id_, creator_, createdatetime_ ) values ('72916ca7b6a74e089818e69c08c3781f', 'easyui', 'admin',  to_date('2016-05-13 17:00:07', 'yyyy-mm-dd hh24:mi:ss'));
 insert into DEP_BASE_PROPSCOPE (ruleid_, dep_base_ui_id_, creator_, createdatetime_ ) values ('72916ca7b6a74e089818e69c08c3781f', 'extjs', 'admin',  to_date('2016-05-13 17:00:07', 'yyyy-mm-dd hh24:mi:ss'));
 insert into DEP_BASE_PROPSCOPE (ruleid_, dep_base_ui_id_, creator_, createdatetime_ ) values ('72916ca7b6a74e089818e69c08c3781f', 'kendoui', 'admin',  to_date('2016-05-13 17:00:07', 'yyyy-mm-dd hh24:mi:ss'));
 insert into DEP_BASE_PROPSCOPE (ruleid_, dep_base_ui_id_, creator_, createdatetime_ ) values ('c7e3c6de2fa44d77a243835bce179dec', 'bootstrap', 'admin',  to_date('2016-05-13 16:46:55', 'yyyy-mm-dd hh24:mi:ss'));
 insert into DEP_BASE_PROPSCOPE (ruleid_, dep_base_ui_id_, creator_, createdatetime_ ) values ('c7e3c6de2fa44d77a243835bce179dec', 'easyui', 'admin',  to_date('2016-05-13 16:46:55', 'yyyy-mm-dd hh24:mi:ss'));
 insert into DEP_BASE_PROPSCOPE (ruleid_, dep_base_ui_id_, creator_, createdatetime_ ) values ('c7e3c6de2fa44d77a243835bce179dec', 'extjs', 'admin',  to_date('2016-05-13 16:46:55', 'yyyy-mm-dd hh24:mi:ss'));
 insert into DEP_BASE_PROPSCOPE (ruleid_, dep_base_ui_id_, creator_, createdatetime_ ) values ('c7e3c6de2fa44d77a243835bce179dec', 'kendoui', 'admin',  to_date('2016-05-13 16:46:55', 'yyyy-mm-dd hh24:mi:ss'));
 insert into DEP_BASE_PROPSCOPE (ruleid_, dep_base_ui_id_, creator_, createdatetime_ ) values ('c87da1fb65a74de3aafa756b37f9d379', 'easyui', 'admin',  to_date('2016-05-20 16:01:14', 'yyyy-mm-dd hh24:mi:ss'));
 insert into DEP_BASE_PROPSCOPE (ruleid_, dep_base_ui_id_, creator_, createdatetime_ ) values ('f8674075f8304cc78a99669bd4af2cfe', 'bootstrap', 'admin',  to_date('2016-05-13 17:00:00', 'yyyy-mm-dd hh24:mi:ss'));
 insert into DEP_BASE_PROPSCOPE (ruleid_, dep_base_ui_id_, creator_, createdatetime_ ) values ('f8674075f8304cc78a99669bd4af2cfe', 'easyui', 'admin',  to_date('2016-05-13 17:00:00', 'yyyy-mm-dd hh24:mi:ss'));
 insert into DEP_BASE_PROPSCOPE (ruleid_, dep_base_ui_id_, creator_, createdatetime_ ) values ('f8674075f8304cc78a99669bd4af2cfe', 'extjs', 'admin',  to_date('2016-05-13 17:00:00', 'yyyy-mm-dd hh24:mi:ss'));
 insert into DEP_BASE_PROPSCOPE (ruleid_, dep_base_ui_id_, creator_, createdatetime_ ) values ('f8674075f8304cc78a99669bd4af2cfe', 'kendoui', 'admin',  to_date('2016-05-13 17:00:00', 'yyyy-mm-dd hh24:mi:ss'));


 insert into DEP_BASE_UI (id_, code_, createdatetime_, creator_, delflag_, modifier_, modifydatetime_, name_, type_ ) values ('101', 'bootstrap',  to_date('2016-03-17 17:10:52', 'yyyy-mm-dd hh24:mi:ss'), 'admin', '0', 'admin',  to_date('2016-03-17 17:11:05', 'yyyy-mm-dd hh24:mi:ss'), 'bootstrap', 'bootstrap');
 insert into DEP_BASE_UI (id_, code_, createdatetime_, creator_, delflag_, modifier_, modifydatetime_, name_, type_ ) values ('102', 'easyui',  to_date('2016-03-17 17:36:32', 'yyyy-mm-dd hh24:mi:ss'), 'admin', '0', 'admin',  to_date('2016-03-17 17:36:32', 'yyyy-mm-dd hh24:mi:ss'), 'easyui', 'easyui');
 insert into DEP_BASE_UI (id_, code_, createdatetime_, creator_, delflag_, modifier_, modifydatetime_, name_, type_ ) values ('3cc688a092cc4a38a8bdacb45f5c3b82', 'kendoui',  to_date('2016-03-18 10:29:29', 'yyyy-mm-dd hh24:mi:ss'), 'admin', '0', 'admin',  to_date('2016-03-18 10:29:29', 'yyyy-mm-dd hh24:mi:ss'), 'kendoui', 'kendoui');
 insert into DEP_BASE_UI (id_, code_, createdatetime_, creator_, delflag_, modifier_, modifydatetime_, name_, type_ ) values ('714e2ab1237c40fc9112911348888ece', 'extjs',  to_date('2016-03-18 10:29:19', 'yyyy-mm-dd hh24:mi:ss'), 'admin', '0', 'admin',  to_date('2016-03-18 10:29:19', 'yyyy-mm-dd hh24:mi:ss'), 'extjs', 'extjs');


