DELETE FROM VIDEO_CAMERA;
DELETE FROM VIDEO_DEVELOPER;
DELETE FROM VIDEO_DEVICE;
DELETE FROM VIDEO_USER_LAYOUT;
DELETE FROM VIDEO_USER_PLAYER;


INSERT INTO VIDEO_CAMERA (CAMERAID_, CAMERANO_, CHANNELNO_, CODE_, CREATEBY_, CREATETIME_, DATABASEID_, DEFENCE_, DESC_, DEVELOPERID_, DEVICEID_, DEVICENAME_, DEVICESN_, DEVICESERIAL_, INDEXID_, INDEXNAME_, ISENCRYPT_, ISSHARED_, LOCKED_, NAME_, PICURL_, SAFEKEY_, SORTNO_, STATUS_, TYPE_, VIDEOLEVEL_) VALUES ('0184d6d5939f4378aa7348ea2f6e24ba', '6', 0, null, null, '2016-02-25 10:02:43', null, 0, '', '19fbdc8ede37486ab292dead79848bb8', '21099a0f2e87423a906328d03c2675aa525599504', 'DS-7916N-E4(525599504)', '', '525599504', null, null, 0, 0, null, '江苏水运试验室及工人驻地', 'https://i.ys7.com/assets/imgs/public/homeDevice.jpeg', 'PQVGAB', 0, 1, 0, 1);
INSERT INTO VIDEO_CAMERA (CAMERAID_, CAMERANO_, CHANNELNO_, CODE_, CREATEBY_, CREATETIME_, DATABASEID_, DEFENCE_, DESC_, DEVELOPERID_, DEVICEID_, DEVICENAME_, DEVICESN_, DEVICESERIAL_, INDEXID_, INDEXNAME_, ISENCRYPT_, ISSHARED_, LOCKED_, NAME_, PICURL_, SAFEKEY_, SORTNO_, STATUS_, TYPE_, VIDEOLEVEL_) VALUES ('0b38611abfa94b2a885b966d92cea549', '12', null, null, null, '2016-02-25 10:02:43', null, 0, null, '19fbdc8ede37486ab292dead79848bb8', '21099a0f2e87423a906328d03c2675aa525599504', 'DS-7916N-E4(525599504)', null, '525599504', null, null, 0, 0, null, null, 'https://i.ys7.com/assets/imgs/public/homeDevice.jpeg', 'PQVGAB', null, 1, null, 1);
INSERT INTO VIDEO_CAMERA (CAMERAID_, CAMERANO_, CHANNELNO_, CODE_, CREATEBY_, CREATETIME_, DATABASEID_, DEFENCE_, DESC_, DEVELOPERID_, DEVICEID_, DEVICENAME_, DEVICESN_, DEVICESERIAL_, INDEXID_, INDEXNAME_, ISENCRYPT_, ISSHARED_, LOCKED_, NAME_, PICURL_, SAFEKEY_, SORTNO_, STATUS_, TYPE_, VIDEOLEVEL_) VALUES ('1221de42be5d42b7ad40b0ba1cc008af', '8', 0, null, null, '2016-02-25 10:02:43', null, 0, '', '19fbdc8ede37486ab292dead79848bb8', '21099a0f2e87423a906328d03c2675aa525599504', 'DS-7916N-E4(525599504)', '', '525599504', null, null, 0, 0, null, '江苏水运机械停放区2', 'https://i.ys7.com/assets/imgs/public/homeDevice.jpeg', 'PQVGAB', 0, 1, 0, 1);
INSERT INTO VIDEO_CAMERA (CAMERAID_, CAMERANO_, CHANNELNO_, CODE_, CREATEBY_, CREATETIME_, DATABASEID_, DEFENCE_, DESC_, DEVELOPERID_, DEVICEID_, DEVICENAME_, DEVICESN_, DEVICESERIAL_, INDEXID_, INDEXNAME_, ISENCRYPT_, ISSHARED_, LOCKED_, NAME_, PICURL_, SAFEKEY_, SORTNO_, STATUS_, TYPE_, VIDEOLEVEL_) VALUES ('1559c1f834f4409a8bd8787466edb0b8', '4', null, null, null, '2017-02-07 17:10:05', null, 0, null, '16239c849e814fbb860a251501714b99', '7963a6a972cd4d929eed3f7239162b84523873068', '二楼办公室', null, '523873068', null, null, 0, 0, 0, null, 'https://i.ys7.com/assets/imgs/public/companyDevice.jpeg', 'BXCCXZ', null, 1, null, 1);
INSERT INTO VIDEO_CAMERA (CAMERAID_, CAMERANO_, CHANNELNO_, CODE_, CREATEBY_, CREATETIME_, DATABASEID_, DEFENCE_, DESC_, DEVELOPERID_, DEVICEID_, DEVICENAME_, DEVICESN_, DEVICESERIAL_, INDEXID_, INDEXNAME_, ISENCRYPT_, ISSHARED_, LOCKED_, NAME_, PICURL_, SAFEKEY_, SORTNO_, STATUS_, TYPE_, VIDEOLEVEL_) VALUES ('1d2ffc8d80694bb897e8c1bc4462afc8', '13', null, null, null, '2016-02-25 10:02:43', null, 0, null, '19fbdc8ede37486ab292dead79848bb8', '21099a0f2e87423a906328d03c2675aa525599504', 'DS-7916N-E4(525599504)', null, '525599504', null, null, 0, 0, null, null, 'https://i.ys7.com/assets/imgs/public/homeDevice.jpeg', 'PQVGAB', null, 1, null, 0);
INSERT INTO VIDEO_CAMERA (CAMERAID_, CAMERANO_, CHANNELNO_, CODE_, CREATEBY_, CREATETIME_, DATABASEID_, DEFENCE_, DESC_, DEVELOPERID_, DEVICEID_, DEVICENAME_, DEVICESN_, DEVICESERIAL_, INDEXID_, INDEXNAME_, ISENCRYPT_, ISSHARED_, LOCKED_, NAME_, PICURL_, SAFEKEY_, SORTNO_, STATUS_, TYPE_, VIDEOLEVEL_) VALUES ('2911a90403c04f328f993d6ccde1bbf3', '2', null, null, null, '2017-02-07 17:10:05', null, 0, null, '16239c849e814fbb860a251501714b99', '7963a6a972cd4d929eed3f7239162b84523873068', '二楼办公室', null, '523873068', null, null, 0, 0, 0, null, 'https://i.ys7.com/assets/imgs/public/companyDevice.jpeg', 'BXCCXZ', null, 1, null, 1);
INSERT INTO VIDEO_CAMERA (CAMERAID_, CAMERANO_, CHANNELNO_, CODE_, CREATEBY_, CREATETIME_, DATABASEID_, DEFENCE_, DESC_, DEVELOPERID_, DEVICEID_, DEVICENAME_, DEVICESN_, DEVICESERIAL_, INDEXID_, INDEXNAME_, ISENCRYPT_, ISSHARED_, LOCKED_, NAME_, PICURL_, SAFEKEY_, SORTNO_, STATUS_, TYPE_, VIDEOLEVEL_) VALUES ('30be3aaa690b4e4da622dcf675a31f31', '15', null, null, null, '2016-02-25 10:02:43', null, 0, null, '19fbdc8ede37486ab292dead79848bb8', '21099a0f2e87423a906328d03c2675aa525599504', 'DS-7916N-E4(525599504)', null, '525599504', null, null, 0, 0, null, null, 'https://i.ys7.com/assets/imgs/public/homeDevice.jpeg', 'PQVGAB', null, 1, null, 0);
INSERT INTO VIDEO_CAMERA (CAMERAID_, CAMERANO_, CHANNELNO_, CODE_, CREATEBY_, CREATETIME_, DATABASEID_, DEFENCE_, DESC_, DEVELOPERID_, DEVICEID_, DEVICENAME_, DEVICESN_, DEVICESERIAL_, INDEXID_, INDEXNAME_, ISENCRYPT_, ISSHARED_, LOCKED_, NAME_, PICURL_, SAFEKEY_, SORTNO_, STATUS_, TYPE_, VIDEOLEVEL_) VALUES ('611348de5dd74aa09239a33e966b5953', '11', null, null, null, '2016-02-25 10:02:43', null, 0, null, '19fbdc8ede37486ab292dead79848bb8', '21099a0f2e87423a906328d03c2675aa525599504', 'DS-7916N-E4(525599504)', null, '525599504', null, null, 0, 0, null, null, 'https://i.ys7.com/assets/imgs/public/homeDevice.jpeg', 'PQVGAB', null, 1, null, 1);
INSERT INTO VIDEO_CAMERA (CAMERAID_, CAMERANO_, CHANNELNO_, CODE_, CREATEBY_, CREATETIME_, DATABASEID_, DEFENCE_, DESC_, DEVELOPERID_, DEVICEID_, DEVICENAME_, DEVICESN_, DEVICESERIAL_, INDEXID_, INDEXNAME_, ISENCRYPT_, ISSHARED_, LOCKED_, NAME_, PICURL_, SAFEKEY_, SORTNO_, STATUS_, TYPE_, VIDEOLEVEL_) VALUES ('6b503b1bf7094a9fb16e3370b0d0d1ea', '5', 0, null, null, '2016-02-25 10:02:43', null, 0, '', '19fbdc8ede37486ab292dead79848bb8', '21099a0f2e87423a906328d03c2675aa525599504', 'DS-7916N-E4(525599504)', '', '525599504', null, null, 0, 0, null, '江苏水运配料仓及储料罐', 'https://i.ys7.com/assets/imgs/public/homeDevice.jpeg', 'PQVGAB', 0, 1, 0, 1);
INSERT INTO VIDEO_CAMERA (CAMERAID_, CAMERANO_, CHANNELNO_, CODE_, CREATEBY_, CREATETIME_, DATABASEID_, DEFENCE_, DESC_, DEVELOPERID_, DEVICEID_, DEVICENAME_, DEVICESN_, DEVICESERIAL_, INDEXID_, INDEXNAME_, ISENCRYPT_, ISSHARED_, LOCKED_, NAME_, PICURL_, SAFEKEY_, SORTNO_, STATUS_, TYPE_, VIDEOLEVEL_) VALUES ('780abc2afe764b019f11f146c596ca26', '3', null, null, null, '2017-02-07 17:10:05', null, 0, null, '16239c849e814fbb860a251501714b99', '7963a6a972cd4d929eed3f7239162b84523873068', '二楼办公室', null, '523873068', null, null, 0, 0, 0, null, 'https://i.ys7.com/assets/imgs/public/companyDevice.jpeg', 'BXCCXZ', null, 1, null, 1);
INSERT INTO VIDEO_CAMERA (CAMERAID_, CAMERANO_, CHANNELNO_, CODE_, CREATEBY_, CREATETIME_, DATABASEID_, DEFENCE_, DESC_, DEVELOPERID_, DEVICEID_, DEVICENAME_, DEVICESN_, DEVICESERIAL_, INDEXID_, INDEXNAME_, ISENCRYPT_, ISSHARED_, LOCKED_, NAME_, PICURL_, SAFEKEY_, SORTNO_, STATUS_, TYPE_, VIDEOLEVEL_) VALUES ('98b84010642a4c54a1a8136249c682b9', '10', null, null, null, '2016-02-25 10:02:43', null, 0, null, '19fbdc8ede37486ab292dead79848bb8', '21099a0f2e87423a906328d03c2675aa525599504', 'DS-7916N-E4(525599504)', null, '525599504', null, null, 0, 0, null, null, 'https://i.ys7.com/assets/imgs/public/homeDevice.jpeg', 'PQVGAB', null, 1, null, 1);
INSERT INTO VIDEO_CAMERA (CAMERAID_, CAMERANO_, CHANNELNO_, CODE_, CREATEBY_, CREATETIME_, DATABASEID_, DEFENCE_, DESC_, DEVELOPERID_, DEVICEID_, DEVICENAME_, DEVICESN_, DEVICESERIAL_, INDEXID_, INDEXNAME_, ISENCRYPT_, ISSHARED_, LOCKED_, NAME_, PICURL_, SAFEKEY_, SORTNO_, STATUS_, TYPE_, VIDEOLEVEL_) VALUES ('9b582a43aeee42369b7d4d5518cc3455', '7', 0, null, null, '2016-02-25 10:02:43', null, 0, '', '19fbdc8ede37486ab292dead79848bb8', '21099a0f2e87423a906328d03c2675aa525599504', 'DS-7916N-E4(525599504)', '', '525599504', null, null, 0, 0, null, '江苏水运施工便道', 'https://i.ys7.com/static/images/21099a0f2e87423a906328d03c2675aa/ef53d32878b6ff8b57be539c05672095/7.jpeg', 'PQVGAB', 0, 1, 0, 1);
INSERT INTO VIDEO_CAMERA (CAMERAID_, CAMERANO_, CHANNELNO_, CODE_, CREATEBY_, CREATETIME_, DATABASEID_, DEFENCE_, DESC_, DEVELOPERID_, DEVICEID_, DEVICENAME_, DEVICESN_, DEVICESERIAL_, INDEXID_, INDEXNAME_, ISENCRYPT_, ISSHARED_, LOCKED_, NAME_, PICURL_, SAFEKEY_, SORTNO_, STATUS_, TYPE_, VIDEOLEVEL_) VALUES ('9ef4eeefb6fe4e9d8837c2bd3b7d50f9', '4', 0, null, null, '2016-02-25 10:02:43', null, 0, '', '19fbdc8ede37486ab292dead79848bb8', '21099a0f2e87423a906328d03c2675aa525599504', 'DS-7916N-E4(525599504)', '', '525599504', null, null, 0, 0, null, '江苏水运配料仓', 'https://i.ys7.com/assets/imgs/public/homeDevice.jpeg', 'PQVGAB', 0, 1, 0, 1);
INSERT INTO VIDEO_CAMERA (CAMERAID_, CAMERANO_, CHANNELNO_, CODE_, CREATEBY_, CREATETIME_, DATABASEID_, DEFENCE_, DESC_, DEVELOPERID_, DEVICEID_, DEVICENAME_, DEVICESN_, DEVICESERIAL_, INDEXID_, INDEXNAME_, ISENCRYPT_, ISSHARED_, LOCKED_, NAME_, PICURL_, SAFEKEY_, SORTNO_, STATUS_, TYPE_, VIDEOLEVEL_) VALUES ('b75858da765e4fce997e8595869c51f6', '14', null, null, null, '2016-02-25 10:02:43', null, 0, null, '19fbdc8ede37486ab292dead79848bb8', '21099a0f2e87423a906328d03c2675aa525599504', 'DS-7916N-E4(525599504)', null, '525599504', null, null, 0, 0, null, null, 'https://i.ys7.com/assets/imgs/public/homeDevice.jpeg', 'PQVGAB', null, 1, null, 0);
INSERT INTO VIDEO_CAMERA (CAMERAID_, CAMERANO_, CHANNELNO_, CODE_, CREATEBY_, CREATETIME_, DATABASEID_, DEFENCE_, DESC_, DEVELOPERID_, DEVICEID_, DEVICENAME_, DEVICESN_, DEVICESERIAL_, INDEXID_, INDEXNAME_, ISENCRYPT_, ISSHARED_, LOCKED_, NAME_, PICURL_, SAFEKEY_, SORTNO_, STATUS_, TYPE_, VIDEOLEVEL_) VALUES ('bf495459aa144279aae88277c5f9bcea', '3', 0, null, null, '2016-02-25 10:02:43', null, 0, '', '19fbdc8ede37486ab292dead79848bb8', '21099a0f2e87423a906328d03c2675aa525599504', 'DS-7916N-E4(525599504)', '', '525599504', null, null, 0, 0, null, '江苏水运机械回转场地', 'https://i.ys7.com/assets/imgs/public/homeDevice.jpeg', 'PQVGAB', 0, 1, 0, 1);
INSERT INTO VIDEO_CAMERA (CAMERAID_, CAMERANO_, CHANNELNO_, CODE_, CREATEBY_, CREATETIME_, DATABASEID_, DEFENCE_, DESC_, DEVELOPERID_, DEVICEID_, DEVICENAME_, DEVICESN_, DEVICESERIAL_, INDEXID_, INDEXNAME_, ISENCRYPT_, ISSHARED_, LOCKED_, NAME_, PICURL_, SAFEKEY_, SORTNO_, STATUS_, TYPE_, VIDEOLEVEL_) VALUES ('c40bc438cfac4037bd6d2f552db9d8cc', '16', null, null, null, '2016-02-25 10:02:43', null, 0, null, '19fbdc8ede37486ab292dead79848bb8', '21099a0f2e87423a906328d03c2675aa525599504', 'DS-7916N-E4(525599504)', null, '525599504', null, null, 0, 0, null, null, 'https://i.ys7.com/assets/imgs/public/homeDevice.jpeg', 'PQVGAB', null, 1, null, 1);
INSERT INTO VIDEO_CAMERA (CAMERAID_, CAMERANO_, CHANNELNO_, CODE_, CREATEBY_, CREATETIME_, DATABASEID_, DEFENCE_, DESC_, DEVELOPERID_, DEVICEID_, DEVICENAME_, DEVICESN_, DEVICESERIAL_, INDEXID_, INDEXNAME_, ISENCRYPT_, ISSHARED_, LOCKED_, NAME_, PICURL_, SAFEKEY_, SORTNO_, STATUS_, TYPE_, VIDEOLEVEL_) VALUES ('cd425cbcf91649be8077442a7f144b83', '9', null, null, null, '2016-02-25 10:02:43', null, 0, null, '19fbdc8ede37486ab292dead79848bb8', '21099a0f2e87423a906328d03c2675aa525599504', 'DS-7916N-E4(525599504)', null, '525599504', null, null, 0, 0, null, null, 'https://i.ys7.com/assets/imgs/public/homeDevice.jpeg', 'PQVGAB', null, 1, null, 1);
INSERT INTO VIDEO_CAMERA (CAMERAID_, CAMERANO_, CHANNELNO_, CODE_, CREATEBY_, CREATETIME_, DATABASEID_, DEFENCE_, DESC_, DEVELOPERID_, DEVICEID_, DEVICENAME_, DEVICESN_, DEVICESERIAL_, INDEXID_, INDEXNAME_, ISENCRYPT_, ISSHARED_, LOCKED_, NAME_, PICURL_, SAFEKEY_, SORTNO_, STATUS_, TYPE_, VIDEOLEVEL_) VALUES ('dd4e211cddf249d88c866124fe38f6e6', '2', 0, null, null, '2016-02-25 10:02:43', null, 0, '', '19fbdc8ede37486ab292dead79848bb8', '21099a0f2e87423a906328d03c2675aa525599504', 'DS-7916N-E4(525599504)', '', '525599504', null, null, 0, 0, null, '江苏水运机械停放区1', 'https://i.ys7.com/assets/imgs/public/homeDevice.jpeg', 'PQVGAB', 0, 1, 0, 1);
INSERT INTO VIDEO_CAMERA (CAMERAID_, CAMERANO_, CHANNELNO_, CODE_, CREATEBY_, CREATETIME_, DATABASEID_, DEFENCE_, DESC_, DEVELOPERID_, DEVICEID_, DEVICENAME_, DEVICESN_, DEVICESERIAL_, INDEXID_, INDEXNAME_, ISENCRYPT_, ISSHARED_, LOCKED_, NAME_, PICURL_, SAFEKEY_, SORTNO_, STATUS_, TYPE_, VIDEOLEVEL_) VALUES ('e6422203632c4c06be0bdd406fd2bd8f', '1', 0, null, null, '2016-02-25 10:02:43', null, 0, '', '19fbdc8ede37486ab292dead79848bb8', '21099a0f2e87423a906328d03c2675aa525599504', 'DS-7916N-E4(525599504)', '', '525599504', null, null, 0, 0, null, '江苏水运办公区', 'https://i.ys7.com/assets/imgs/public/homeDevice.jpeg', 'PQVGAB', 0, 1, 0, 1);
INSERT INTO VIDEO_CAMERA (CAMERAID_, CAMERANO_, CHANNELNO_, CODE_, CREATEBY_, CREATETIME_, DATABASEID_, DEFENCE_, DESC_, DEVELOPERID_, DEVICEID_, DEVICENAME_, DEVICESN_, DEVICESERIAL_, INDEXID_, INDEXNAME_, ISENCRYPT_, ISSHARED_, LOCKED_, NAME_, PICURL_, SAFEKEY_, SORTNO_, STATUS_, TYPE_, VIDEOLEVEL_) VALUES ('ec15d06a6ca94a6d8fc3941a8df69c55', '1', null, null, null, '2017-02-07 17:10:05', null, 0, null, '16239c849e814fbb860a251501714b99', '7963a6a972cd4d929eed3f7239162b84523873068', '二楼办公室', null, '523873068', null, null, 0, 0, 0, null, 'https://i.ys7.com/assets/imgs/public/companyDevice.jpeg', 'BXCCXZ', null, 1, null, 1);


INSERT INTO VIDEO_DEVELOPER (DEVELOPERID_, ACCESSTOKEN_, APIURL_, APPKEY_, AUTHADDR_, CREATEBY_, CREATETIME_, DESC_, ISENCRYPT_, LOCKED_, NAME_, PHONENUMBER_, PLATFORMADDR_, SECRETKEY_, TOKENUPDATETIME_, USERID_) VALUES ('16239c849e814fbb860a251501714b99', 'at.5cbog6211m3qzonmc59xd84ybsnhfslg-7znc1a2x90-1fa5cfh-mkbejxdee', 'https://open.ys7.com/api/', 'e9cb69ab7f1a4b77ae655b32f7ab936c', 'https://auth.ys7.com', 'admin', '2016-01-26 11:16:02', 'chenzl2015', 0, 0, 'chenzl2015', '13950420819', 'https://open.ys7.com', '3a0eedb4bb21ab1cf71f18e642c1941a', '2017-02-08 08:20:00', 'chenzl2015');
INSERT INTO VIDEO_DEVELOPER (DEVELOPERID_, ACCESSTOKEN_, APIURL_, APPKEY_, AUTHADDR_, CREATEBY_, CREATETIME_, DESC_, ISENCRYPT_, LOCKED_, NAME_, PHONENUMBER_, PLATFORMADDR_, SECRETKEY_, TOKENUPDATETIME_, USERID_) VALUES ('19fbdc8ede37486ab292dead79848bb8', 'at.7cnb3fv35nl3cyt66lvrrefk72zocqlm-8aa5ufi82x-0xrjfk5-cpllplmrl', 'https://open.ys7.com/api/', 'e1ac72c1ef0d42b389fe1201320b2978', null, 'admin', '2016-02-25 10:01:20', '江苏水运项目', 0, 0, '江苏水运项目', '13905281528', null, 'a3fade95d6414f1d0d1e9cbb74edc004', '2017-02-08 08:20:04', '13905281528');


INSERT INTO VIDEO_DEVICE (DEVICEID_, CODE_, CREATEBY_, CREATETIME_, DATABASEID_, DEFENCE_, DESC_, DEVELOPERID_, DEVICENAME_, DEVICESERIAL_, INDEXID_, INDEXNAME_, ISENCRYPT_, ISSHARED_, NAME_, PICURL_, SAFEKEY_, SORTNO_, STATUS_, TYPE_) VALUES ('21099a0f2e87423a906328d03c2675aa525599504', null, 'admin', '2016-02-25 10:02:34', 0, 0, '', '19fbdc8ede37486ab292dead79848bb8', 'DS-7916N-E4(525599504)', '525599504', 0, null, 0, null, '江苏水运摄像头', '', 'PQVGAB', 0, 1, 0);
INSERT INTO VIDEO_DEVICE (DEVICEID_, CODE_, CREATEBY_, CREATETIME_, DATABASEID_, DEFENCE_, DESC_, DEVELOPERID_, DEVICENAME_, DEVICESERIAL_, INDEXID_, INDEXNAME_, ISENCRYPT_, ISSHARED_, NAME_, PICURL_, SAFEKEY_, SORTNO_, STATUS_, TYPE_) VALUES ('7963a6a972cd4d929eed3f7239162b84523873068', null, 'admin', '2017-02-07 17:09:53', 0, 0, '', '16239c849e814fbb860a251501714b99', '二楼办公室', '523873068', 0, null, 0, null, '二楼办公室', '', 'BXCCXZ', 0, 1, 0);


INSERT INTO VIDEO_USER_LAYOUT (ID_, CREATETIME_, DEVELOPERID_, LAYOUT_, TITLE_, USERID_) VALUES ('1', '2016-03-03 16:27:23', null, 'C', null, 'admin');
INSERT INTO VIDEO_USER_LAYOUT (ID_, CREATETIME_, DEVELOPERID_, LAYOUT_, TITLE_, USERID_) VALUES ('101', '2016-03-05 10:19:16', null, 'C', null, 'admin');
INSERT INTO VIDEO_USER_LAYOUT (ID_, CREATETIME_, DEVELOPERID_, LAYOUT_, TITLE_, USERID_) VALUES ('102', '2016-03-07 16:22:06', null, 'C', null, 'admin');
INSERT INTO VIDEO_USER_LAYOUT (ID_, CREATETIME_, DEVELOPERID_, LAYOUT_, TITLE_, USERID_) VALUES ('103', '2016-03-07 16:27:32', null, 'C', null, 'admin');
INSERT INTO VIDEO_USER_LAYOUT (ID_, CREATETIME_, DEVELOPERID_, LAYOUT_, TITLE_, USERID_) VALUES ('104', '2016-03-08 08:17:19', null, 'A', null, 'admin');
INSERT INTO VIDEO_USER_LAYOUT (ID_, CREATETIME_, DEVELOPERID_, LAYOUT_, TITLE_, USERID_) VALUES ('105', '2016-03-08 08:17:31', null, 'A', null, 'admin');
INSERT INTO VIDEO_USER_LAYOUT (ID_, CREATETIME_, DEVELOPERID_, LAYOUT_, TITLE_, USERID_) VALUES ('2', '2016-03-03 16:29:16', null, 'A', null, 'admin');
INSERT INTO VIDEO_USER_LAYOUT (ID_, CREATETIME_, DEVELOPERID_, LAYOUT_, TITLE_, USERID_) VALUES ('201', '2016-03-10 08:59:49', null, 'C', null, 'admin');
INSERT INTO VIDEO_USER_LAYOUT (ID_, CREATETIME_, DEVELOPERID_, LAYOUT_, TITLE_, USERID_) VALUES ('3', '2016-03-03 16:34:28', null, 'A', null, 'admin');
INSERT INTO VIDEO_USER_LAYOUT (ID_, CREATETIME_, DEVELOPERID_, LAYOUT_, TITLE_, USERID_) VALUES ('301', '2017-02-10 09:31:49', null, 'C', null, 'admin');


INSERT INTO VIDEO_USER_PLAYER (ID_, CAMERAID_, CREATETIME_, DEVELOPERID_, LOCATION_, USERID_) VALUES ('301', 'ec15d06a6ca94a6d8fc3941a8df69c55', '2017-02-10 09:31:49', null, 1, 'admin');
INSERT INTO VIDEO_USER_PLAYER (ID_, CAMERAID_, CREATETIME_, DEVELOPERID_, LOCATION_, USERID_) VALUES ('302', 'e6422203632c4c06be0bdd406fd2bd8f', '2017-02-10 09:31:49', null, 2, 'admin');
INSERT INTO VIDEO_USER_PLAYER (ID_, CAMERAID_, CREATETIME_, DEVELOPERID_, LOCATION_, USERID_) VALUES ('303', '0184d6d5939f4378aa7348ea2f6e24ba', '2017-02-10 09:31:49', null, 3, 'admin');
INSERT INTO VIDEO_USER_PLAYER (ID_, CAMERAID_, CREATETIME_, DEVELOPERID_, LOCATION_, USERID_) VALUES ('304', '9b582a43aeee42369b7d4d5518cc3455', '2017-02-10 09:31:49', null, 4, 'admin');
INSERT INTO VIDEO_USER_PLAYER (ID_, CAMERAID_, CREATETIME_, DEVELOPERID_, LOCATION_, USERID_) VALUES ('305', '6b503b1bf7094a9fb16e3370b0d0d1ea', '2017-02-10 09:31:49', null, 5, 'admin');
INSERT INTO VIDEO_USER_PLAYER (ID_, CAMERAID_, CREATETIME_, DEVELOPERID_, LOCATION_, USERID_) VALUES ('306', '1221de42be5d42b7ad40b0ba1cc008af', '2017-02-10 09:31:49', null, 6, 'admin');
INSERT INTO VIDEO_USER_PLAYER (ID_, CAMERAID_, CREATETIME_, DEVELOPERID_, LOCATION_, USERID_) VALUES ('307', 'dd4e211cddf249d88c866124fe38f6e6', '2017-02-10 09:31:49', null, 7, 'admin');
INSERT INTO VIDEO_USER_PLAYER (ID_, CAMERAID_, CREATETIME_, DEVELOPERID_, LOCATION_, USERID_) VALUES ('308', '9ef4eeefb6fe4e9d8837c2bd3b7d50f9', '2017-02-10 09:31:49', null, 8, 'admin');
INSERT INTO VIDEO_USER_PLAYER (ID_, CAMERAID_, CREATETIME_, DEVELOPERID_, LOCATION_, USERID_) VALUES ('309', 'bf495459aa144279aae88277c5f9bcea', '2017-02-10 09:31:49', null, 9, 'admin');
